[{"model": "contenttypes.contenttype", "pk": 1, "fields": {"app_label": "admin", "model": "logentry"}}, {"model": "contenttypes.contenttype", "pk": 2, "fields": {"app_label": "auth", "model": "permission"}}, {"model": "contenttypes.contenttype", "pk": 3, "fields": {"app_label": "auth", "model": "group"}}, {"model": "contenttypes.contenttype", "pk": 4, "fields": {"app_label": "contenttypes", "model": "contenttype"}}, {"model": "contenttypes.contenttype", "pk": 5, "fields": {"app_label": "sessions", "model": "session"}}, {"model": "contenttypes.contenttype", "pk": 6, "fields": {"app_label": "mainapp", "model": "categories"}}, {"model": "contenttypes.contenttype", "pk": 7, "fields": {"app_label": "mainapp", "model": "products"}}, {"model": "contenttypes.contenttype", "pk": 8, "fields": {"app_label": "authapp", "model": "shopuser"}}, {"model": "contenttypes.contenttype", "pk": 9, "fields": {"app_label": "basketapp", "model": "basket"}}, {"model": "contenttypes.contenttype", "pk": 10, "fields": {"app_label": "mainapp", "model": "infopages"}}, {"model": "contenttypes.contenttype", "pk": 11, "fields": {"app_label": "social_django", "model": "association"}}, {"model": "contenttypes.contenttype", "pk": 12, "fields": {"app_label": "social_django", "model": "code"}}, {"model": "contenttypes.contenttype", "pk": 13, "fields": {"app_label": "social_django", "model": "nonce"}}, {"model": "contenttypes.contenttype", "pk": 14, "fields": {"app_label": "social_django", "model": "usersocialauth"}}, {"model": "contenttypes.contenttype", "pk": 15, "fields": {"app_label": "social_django", "model": "partial"}}, {"model": "contenttypes.contenttype", "pk": 16, "fields": {"app_label": "authapp", "model": "shopuserprofile"}}, {"model": "sessions.session", "pk": "3n2wx0cerddzz7i4d4h0tycvv4b1k0bl", "fields": {"session_data": "YWVkNjJhNWEyMmFlMjMzNmVmMDcyNzM3N2JkY2ViNTBhYTI4MjRlNDp7Il9hdXRoX3VzZXJfaWQiOiIxIiwiX2F1dGhfdXNlcl9iYWNrZW5kIjoiZGphbmdvLmNvbnRyaWIuYXV0aC5iYWNrZW5kcy5Nb2RlbEJhY2tlbmQiLCJfYXV0aF91c2VyX2hhc2giOiI3NDBlMmQ4NzVjYzUyN2M4MWI0Y2IxZmE0MmFiYmI1OGNiZjA1Y2EzIn0=", "expire_date": "2019-09-01T08:19:18.504Z"}}, {"model": "sessions.session", "pk": "5z9bt0sn9kskxp59xmzqcaywzfxycycz", "fields": {"session_data": "Nzk0YzdhZDQ0NmNhMjBhY2FhMGU4NTUxZDRlOTdjZTJlZDFjMGI5MTp7fQ==", "expire_date": "2019-08-19T08:11:56.557Z"}}, {"model": "sessions.session", "pk": "jeg5ekmv8hod5onkuj0qeu6eoc91svq8", "fields": {"session_data": "OGE0YjE2ZTNiOWQzZTIwYzZiYmUwNmY3YzRhMGMwNGZiNDU0MGY1Njp7Il9hdXRoX3VzZXJfaWQiOiIyIiwiX2F1dGhfdXNlcl9iYWNrZW5kIjoiZGphbmdvLmNvbnRyaWIuYXV0aC5iYWNrZW5kcy5Nb2RlbEJhY2tlbmQiLCJfYXV0aF91c2VyX2hhc2giOiJiYjIzNmM2ZmQ4ZGEzOGFiNzA0ZWFhNTI1NTNjMjc5MGIwYWVhZjQ2In0=", "expire_date": "2019-08-26T06:54:44.639Z"}}, {"model": "sessions.session", "pk": "mpf094c1dlpbsy0wsriiis8j267mxn1r", "fields": {"session_data": "MTFjMWIwNGU4MTgyMTcxNzdiYjliMzA2M2MxMTExMTYzNzU5MzVlMDp7Im5leHQiOiIvIiwidmstb2F1dGgyX3N0YXRlIjoiN1hZcXdTcjJ6QkYxcEVYek9ZaU9nbWx5bFplVTAyWEoiLCJfYXV0aF91c2VyX2lkIjoiMTkiLCJfYXV0aF91c2VyX2JhY2tlbmQiOiJzb2NpYWxfY29yZS5iYWNrZW5kcy52ay5WS09BdXRoMiIsIl9hdXRoX3VzZXJfaGFzaCI6IjA3YWIwZGZmMDUwNWFlOTFlNjJmN2FlMGM1YzVlYWIzZjg4MWQ2ODMiLCJzb2NpYWxfYXV0aF9sYXN0X2xvZ2luX2JhY2tlbmQiOiJ2ay1vYXV0aDIifQ==", "expire_date": "2019-09-09T06:10:36.700Z"}}, {"model": "sessions.session", "pk": "n8hfm0x2p0akngsjxrdqyac9hgvr5i8h", "fields": {"session_data": "YWVkNjJhNWEyMmFlMjMzNmVmMDcyNzM3N2JkY2ViNTBhYTI4MjRlNDp7Il9hdXRoX3VzZXJfaWQiOiIxIiwiX2F1dGhfdXNlcl9iYWNrZW5kIjoiZGphbmdvLmNvbnRyaWIuYXV0aC5iYWNrZW5kcy5Nb2RlbEJhY2tlbmQiLCJfYXV0aF91c2VyX2hhc2giOiI3NDBlMmQ4NzVjYzUyN2M4MWI0Y2IxZmE0MmFiYmI1OGNiZjA1Y2EzIn0=", "expire_date": "2019-09-01T05:43:14.210Z"}}, {"model": "sessions.session", "pk": "r9to6j8ejh3f6uh0pqrbla95fqnyepd1", "fields": {"session_data": "YWVkNjJhNWEyMmFlMjMzNmVmMDcyNzM3N2JkY2ViNTBhYTI4MjRlNDp7Il9hdXRoX3VzZXJfaWQiOiIxIiwiX2F1dGhfdXNlcl9iYWNrZW5kIjoiZGphbmdvLmNvbnRyaWIuYXV0aC5iYWNrZW5kcy5Nb2RlbEJhY2tlbmQiLCJfYXV0aF91c2VyX2hhc2giOiI3NDBlMmQ4NzVjYzUyN2M4MWI0Y2IxZmE0MmFiYmI1OGNiZjA1Y2EzIn0=", "expire_date": "2019-08-19T08:24:37.651Z"}}, {"model": "sessions.session", "pk": "xshylde3kklawpserlif5c5uhaki6re5", "fields": {"session_data": "YWVkNjJhNWEyMmFlMjMzNmVmMDcyNzM3N2JkY2ViNTBhYTI4MjRlNDp7Il9hdXRoX3VzZXJfaWQiOiIxIiwiX2F1dGhfdXNlcl9iYWNrZW5kIjoiZGphbmdvLmNvbnRyaWIuYXV0aC5iYWNrZW5kcy5Nb2RlbEJhY2tlbmQiLCJfYXV0aF91c2VyX2hhc2giOiI3NDBlMmQ4NzVjYzUyN2M4MWI0Y2IxZmE0MmFiYmI1OGNiZjA1Y2EzIn0=", "expire_date": "2019-08-19T08:12:43.190Z"}}, {"model": "mainapp.categories", "pk": 1, "fields": {"name_category": "\u0412\u0441\u0435 \u043c\u043e\u0434\u0435\u043b\u0438", "header_category": "\u0421\u043c\u0430\u0440\u0442\u0444\u043e\u043d\u044b Apple iPhone", "description_category": "\u0413\u043b\u0430\u0432\u043d\u0430\u044f \u043a\u0430\u0442\u0435\u0433\u043e\u0440\u0438\u044f \u0442\u043e\u0432\u0430\u0440\u043e\u0432", "show_in_main_menu": true, "is_active": true}}, {"model": "mainapp.categories", "pk": 2, "fields": {"name_category": "6", "header_category": "\u0421\u043c\u0430\u0440\u0442\u0444\u043e\u043d\u044b Apple iPhone 6", "description_category": "\u0412 \u043a\u0430\u0442\u0435\u0433\u043e\u0440\u0438\u0438 \u043f\u0440\u0435\u0434\u0441\u0442\u0430\u0432\u043b\u0435\u043d\u044b \u0441\u043c\u0430\u0440\u0442\u0444\u043e\u043d\u044b Apple iPhone 6", "show_in_main_menu": false, "is_active": true}}, {"model": "mainapp.categories", "pk": 3, "fields": {"name_category": "SE", "header_category": "\u0421\u043c\u0430\u0440\u0442\u0444\u043e\u043d\u044b Apple iPhone SE", "description_category": "\u0412 \u043a\u0430\u0442\u0435\u0433\u043e\u0440\u0438\u0438 \u043f\u0440\u0435\u0434\u0441\u0442\u0430\u0432\u043b\u0435\u043d\u044b \u0441\u043c\u0430\u0440\u0442\u0444\u043e\u043d\u044b Apple iPhone SE", "show_in_main_menu": false, "is_active": true}}, {"model": "mainapp.categories", "pk": 4, "fields": {"name_category": "7", "header_category": "\u0421\u043c\u0430\u0440\u0442\u0444\u043e\u043d\u044b Apple iPhone 7", "description_category": "\u0412 \u043a\u0430\u0442\u0435\u0433\u043e\u0440\u0438\u0438 \u043f\u0440\u0435\u0434\u0441\u0442\u0430\u0432\u043b\u0435\u043d\u044b \u0441\u043c\u0430\u0440\u0442\u0444\u043e\u043d\u044b Apple iPhone 7", "show_in_main_menu": false, "is_active": true}}, {"model": "mainapp.categories", "pk": 5, "fields": {"name_category": "8", "header_category": "\u0421\u043c\u0430\u0440\u0442\u0444\u043e\u043d\u044b Apple iPhone 8", "description_category": "\u0412 \u043a\u0430\u0442\u0435\u0433\u043e\u0440\u0438\u0438 \u043f\u0440\u0435\u0434\u0441\u0442\u0430\u0432\u043b\u0435\u043d\u044b \u0441\u043c\u0430\u0440\u0442\u0444\u043e\u043d\u044b \u042d\u043f\u043b \u0410\u0439\u0444\u043e\u043d 8.", "show_in_main_menu": false, "is_active": true}}, {"model": "mainapp.categories", "pk": 6, "fields": {"name_category": "X", "header_category": "\u0421\u043c\u0430\u0440\u0442\u0444\u043e\u043d\u044b Apple iPhone X", "description_category": "\u0412 \u043a\u0430\u0442\u0435\u0433\u043e\u0440\u0438\u0438 \u043f\u0440\u0435\u0434\u0441\u0442\u0430\u0432\u043b\u0435\u043d\u044b \u0440\u0435\u0432\u043e\u043b\u044e\u0446\u0438\u043e\u043d\u043d\u044b\u0435 \u043c\u043e\u0434\u0435\u043b\u0438 \u0441\u043c\u0430\u0440\u0442\u0444\u043e\u043d\u043e\u0432 Apple iPhone X.", "show_in_main_menu": false, "is_active": true}}, {"model": "mainapp.categories", "pk": 7, "fields": {"name_category": "XS", "header_category": "\u0421\u043c\u0430\u0440\u0442\u0444\u043e\u043d\u044b Apple iPhone XS", "description_category": "\u0412 \u044d\u0442\u043e\u0439 \u043a\u0430\u0442\u0435\u0433\u043e\u0440\u0438\u0438 \u043f\u0440\u0435\u0434\u0441\u0442\u0430\u0432\u043b\u0435\u043d\u044b \u0434\u043e\u0440\u0430\u0431\u043e\u0442\u0430\u043d\u043d\u044b\u0435 \u043c\u043e\u0434\u0435\u043b\u0438 Apple iPhone XS", "show_in_main_menu": false, "is_active": true}}, {"model": "mainapp.categories", "pk": 8, "fields": {"name_category": "XR", "header_category": "\u0421\u043c\u0430\u0440\u0442\u0444\u043e\u043d\u044b Apple iPhone XR", "description_category": "\u0421\u0430\u043c\u044b\u0435 \u043f\u043e\u0441\u043b\u0435\u0434\u043d\u0438\u0435 \u0441\u043c\u0430\u0440\u0442\u0444\u043e\u043d\u044b Apple iPhone XR \u0441 \u043f\u0435\u0440\u0435\u0434\u043e\u0432\u044b\u043c\u0438 \u0442\u0435\u0445\u043d\u043e\u043b\u043e\u0433\u0438\u044f\u043c\u0438.", "show_in_main_menu": false, "is_active": true}}, {"model": "mainapp.products", "pk": 1, "fields": {"name_product": "\u0421\u043c\u0430\u0440\u0442\u0444\u043e\u043d Apple iPhone 6 16 \u0413\u0431, \u0441\u0435\u0440\u044b\u0439 \u043a\u043e\u0441\u043c\u043e\u0441", "description_product": "\u0412\u043f\u0435\u0440\u0432\u044b\u0435 \u043f\u0440\u0438\u043a\u043e\u0441\u043d\u0443\u0432\u0448\u0438\u0441\u044c \u043a Apple iPhone 6s, \u0441\u0440\u0430\u0437\u0443 \u0441\u0442\u0430\u043d\u043e\u0432\u0438\u0442\u0441\u044f \u044f\u0441\u043d\u043e, \u0447\u0442\u043e \u043d\u0438 \u0441 \u0447\u0435\u043c \u043f\u043e\u0434\u043e\u0431\u043d\u044b\u043c \u0442\u044b \u0435\u0449\u0451 \u043d\u0435 \u0432\u0441\u0442\u0440\u0435\u0447\u0430\u043b\u0441\u044f. \u041f\u0440\u0438\u043a\u043e\u0441\u043d\u043e\u0432\u0435\u043d\u0438\u0435\u043c \u043a \u0441\u0435\u043d\u0441\u043e\u0440\u043d\u043e\u043c\u0443 4,7 \u0434\u044e\u0439\u043c\u043e\u0432\u043e\u043c\u0443 Retina HD \u044d\u043a\u0440\u0430\u043d\u0443 \u2013 \u044d\u0442\u043e \u043d\u0435 \u043f\u0440\u043e\u0441\u0442\u043e \u043f\u0440\u0438\u043a\u043e\u0441\u043d\u043e\u0432\u0435\u043d\u0438\u0435: 3D Touch \u043c\u043e\u0436\u0435\u0442 \u0433\u043e\u0440\u0430\u0437\u0434\u043e \u0431\u043e\u043b\u044c\u0448\u0435. Live Photos \u043f\u0440\u043e\u0431\u0443\u0436\u0434\u0430\u044e\u0442 \u0432\u043e\u0441\u043f\u043e\u043c\u0438\u043d\u0430\u043d\u0438\u044f \u0438 \u043f\u043e\u043c\u043e\u0433\u0430\u044e\u0442 \u0441\u043d\u043e\u0432\u0430 \u043f\u0435\u0440\u0435\u0436\u0438\u0442\u044c \u043f\u0440\u0435\u043a\u0440\u0430\u0441\u043d\u0435\u0439\u0448\u0438\u0435 \u043c\u043e\u043c\u0435\u043d\u0442\u044b \u0442\u0432\u043e\u0435\u0439 \u0436\u0438\u0437\u043d\u0438. \u0418 \u044d\u0442\u043e \u2013 \u0442\u043e\u043b\u044c\u043a\u043e \u043d\u0430\u0447\u0430\u043b\u043e, \u0442\u0430\u043a \u043a\u0430\u043a iPhone 6s \u043f\u043e-\u043d\u043e\u0432\u043e\u043c\u0443 \u043e\u0442\u043a\u0440\u043e\u0435\u0442 \u0434\u043b\u044f \u0442\u0435\u0431\u044f \u043a\u0430\u0436\u0434\u0443\u044e \u0444\u0443\u043d\u043a\u0446\u0438\u044e.", "image_product": "images_products/632seryj-1200x1200.jpg", "price_product": 13456, "category": 2, "is_new": false, "is_discount": false, "is_popular": true, "is_exclusive": false, "is_active": true}}, {"model": "mainapp.products", "pk": 2, "fields": {"name_product": "\u0421\u043c\u0430\u0440\u0442\u0444\u043e\u043d Apple iPhone 7 32 \u0413\u0431, \u0447\u0435\u0440\u043d\u044b\u0439 \u043c\u0430\u0442\u043e\u0432\u044b\u0439", "description_product": "\u0412 iPhone 7 \u0432\u0441\u0435 \u0432\u0430\u0436\u043d\u0435\u0439\u0448\u0438\u0435 \u0430\u0441\u043f\u0435\u043a\u0442\u044b iPhone \u0437\u043d\u0430\u0447\u0438\u0442\u0435\u043b\u044c\u043d\u043e \u0443\u043b\u0443\u0447\u0448\u0435\u043d\u044b. \u042d\u0442\u043e \u043f\u0440\u0438\u043d\u0446\u0438\u043f\u0438\u0430\u043b\u044c\u043d\u043e \u043d\u043e\u0432\u0430\u044f \u0441\u0438\u0441\u0442\u0435\u043c\u0430 \u043a\u0430\u043c\u0435\u0440 \u0434\u043b\u044f \u0444\u043e\u0442\u043e \u0438 \u0432\u0438\u0434\u0435\u043e\u0441\u044a\u0451\u043c\u043a\u0438. \u041c\u0430\u043a\u0441\u0438\u043c\u0430\u043b\u044c\u043d\u043e \u043c\u043e\u0449\u043d\u044b\u0439 \u0438 \u044d\u043a\u043e\u043d\u043e\u043c\u0438\u0447\u043d\u044b\u0439 \u0430\u043a\u043a\u0443\u043c\u0443\u043b\u044f\u0442\u043e\u0440. \u0421\u0442\u0435\u0440\u0435\u043e\u0434\u0438\u043d\u0430\u043c\u0438\u043a\u0438 \u0441 \u0431\u043e\u0433\u0430\u0442\u044b\u043c \u0437\u0432\u0443\u0447\u0430\u043d\u0438\u0435\u043c. \u0421\u0430\u043c\u044b\u0439 \u044f\u0440\u043a\u0438\u0439 \u0438 \u0440\u0430\u0437\u043d\u043e\u0446\u0432\u0435\u0442\u043d\u044b\u0439 \u0438\u0437 \u0432\u0441\u0435\u0445 \u0434\u0438\u0441\u043f\u043b\u0435\u0435\u0432 iPhone.", "image_product": "images_products/apple-iphone-7-128-gb-black-chernyj-.jpg", "price_product": 32000, "category": 4, "is_new": false, "is_discount": false, "is_popular": true, "is_exclusive": false, "is_active": true}}, {"model": "mainapp.products", "pk": 3, "fields": {"name_product": "\u0421\u043c\u0430\u0440\u0442\u0444\u043e\u043d Apple iPhone 8 32 \u0413\u0431, \u0431\u0435\u043b\u044b\u0439 \u0441\u0430\u043f\u0444\u0438\u0440", "description_product": "\u0421\u043c\u0430\u0440\u0442\u0444\u043e\u043d APPLE iPhone 8 64Gb, MQ6G2RU/A \u2014 \u043c\u043e\u0449\u043d\u043e\u0435 \u0443\u0441\u0442\u0440\u043e\u0439\u0441\u0442\u0432\u043e \u0441 \u0431\u043e\u043b\u044c\u0448\u0438\u043c \u043e\u0431\u044a\u0435\u043c\u043e\u043c \u0432\u043d\u0443\u0442\u0440\u0435\u043d\u043d\u0435\u0439 \u043f\u0430\u043c\u044f\u0442\u0438, \u043a\u043e\u0442\u043e\u0440\u043e\u0435 \u0440\u0430\u0431\u043e\u0442\u0430\u0435\u0442 \u043d\u0430 \u043e\u043f\u0435\u0440\u0430\u0446\u0438\u043e\u043d\u043d\u043e\u0439 \u0441\u0438\u0441\u0442\u0435\u043c\u0435 iOS 11 \u0438 \u0441\u043d\u0430\u0431\u0436\u0435\u043d\u043e \u0434\u0432\u0443\u043c\u044f \u043f\u0440\u043e\u0446\u0435\u0441\u0441\u043e\u0440\u0430\u043c\u0438. \u0411\u0435\u0437 \u043f\u043e\u0434\u0437\u0430\u0440\u044f\u0434\u043a\u0438 \u0443\u0441\u0442\u0440\u043e\u0439\u0441\u0442\u0432\u043e \u0444\u0443\u043d\u043a\u0446\u0438\u043e\u043d\u0438\u0440\u0443\u0435\u0442 \u0432 \u0440\u0435\u0436\u0438\u043c\u0435 \u0440\u0430\u0437\u0433\u043e\u0432\u043e\u0440\u0430 14 \u0447\u0430\u0441\u043e\u0432, \u0430 \u043f\u0440\u0438 \u0432\u043e\u0441\u043f\u0440\u043e\u0438\u0437\u0432\u0435\u0434\u0435\u043d\u0438\u0438 \u043c\u0443\u0437\u044b\u043a\u0438 \u2014 40.", "image_product": "images_products/IPHONE_8_SILVER.jpg", "price_product": 43000, "category": 5, "is_new": false, "is_discount": false, "is_popular": true, "is_exclusive": false, "is_active": true}}, {"model": "mainapp.products", "pk": 4, "fields": {"name_product": "\u0421\u043c\u0430\u0440\u0442\u0444\u043e\u043d Apple iPhone 6 32 \u0413\u0431, \u0437\u043e\u043b\u043e\u0442\u043e\u0439", "description_product": "\u0412\u043f\u0435\u0440\u0432\u044b\u0435 \u043f\u0440\u0438\u043a\u043e\u0441\u043d\u0443\u0432\u0448\u0438\u0441\u044c \u043a Apple iPhone 6s, \u0441\u0440\u0430\u0437\u0443 \u0441\u0442\u0430\u043d\u043e\u0432\u0438\u0442\u0441\u044f \u044f\u0441\u043d\u043e, \u0447\u0442\u043e \u043d\u0438 \u0441 \u0447\u0435\u043c \u043f\u043e\u0434\u043e\u0431\u043d\u044b\u043c \u0442\u044b \u0435\u0449\u0451 \u043d\u0435 \u0432\u0441\u0442\u0440\u0435\u0447\u0430\u043b\u0441\u044f. \u041f\u0440\u0438\u043a\u043e\u0441\u043d\u043e\u0432\u0435\u043d\u0438\u0435\u043c \u043a \u0441\u0435\u043d\u0441\u043e\u0440\u043d\u043e\u043c\u0443 4,7 \u0434\u044e\u0439\u043c\u043e\u0432\u043e\u043c\u0443 Retina HD \u044d\u043a\u0440\u0430\u043d\u0443 \u2013 \u044d\u0442\u043e \u043d\u0435 \u043f\u0440\u043e\u0441\u0442\u043e \u043f\u0440\u0438\u043a\u043e\u0441\u043d\u043e\u0432\u0435\u043d\u0438\u0435: 3D Touch \u043c\u043e\u0436\u0435\u0442 \u0433\u043e\u0440\u0430\u0437\u0434\u043e \u0431\u043e\u043b\u044c\u0448\u0435. Live Photos \u043f\u0440\u043e\u0431\u0443\u0436\u0434\u0430\u044e\u0442 \u0432\u043e\u0441\u043f\u043e\u043c\u0438\u043d\u0430\u043d\u0438\u044f \u0438 \u043f\u043e\u043c\u043e\u0433\u0430\u044e\u0442 \u0441\u043d\u043e\u0432\u0430 \u043f\u0435\u0440\u0435\u0436\u0438\u0442\u044c \u043f\u0440\u0435\u043a\u0440\u0430\u0441\u043d\u0435\u0439\u0448\u0438\u0435 \u043c\u043e\u043c\u0435\u043d\u0442\u044b \u0442\u0432\u043e\u0435\u0439 \u0436\u0438\u0437\u043d\u0438. \u0418 \u044d\u0442\u043e \u2013 \u0442\u043e\u043b\u044c\u043a\u043e \u043d\u0430\u0447\u0430\u043b\u043e, \u0442\u0430\u043a \u043a\u0430\u043a iPhone 6s \u043f\u043e-\u043d\u043e\u0432\u043e\u043c\u0443 \u043e\u0442\u043a\u0440\u043e\u0435\u0442 \u0434\u043b\u044f \u0442\u0435\u0431\u044f \u043a\u0430\u0436\u0434\u0443\u044e \u0444\u0443\u043d\u043a\u0446\u0438\u044e.", "image_product": "images_products/_57.jpg", "price_product": 15600, "category": 2, "is_new": false, "is_discount": false, "is_popular": false, "is_exclusive": false, "is_active": true}}, {"model": "mainapp.products", "pk": 5, "fields": {"name_product": "\u0421\u043c\u0430\u0440\u0442\u0444\u043e\u043d Apple iPhone 7 Plus 64 \u0413\u0431, \u0447\u0435\u0440\u043d\u044b\u0439 \u043c\u0430\u0442\u043e\u0432\u044b\u0439", "description_product": "\u0412 iPhone 7 \u0432\u0441\u0435 \u0432\u0430\u0436\u043d\u0435\u0439\u0448\u0438\u0435 \u0430\u0441\u043f\u0435\u043a\u0442\u044b iPhone \u0437\u043d\u0430\u0447\u0438\u0442\u0435\u043b\u044c\u043d\u043e \u0443\u043b\u0443\u0447\u0448\u0435\u043d\u044b. \u042d\u0442\u043e \u043f\u0440\u0438\u043d\u0446\u0438\u043f\u0438\u0430\u043b\u044c\u043d\u043e \u043d\u043e\u0432\u0430\u044f \u0441\u0438\u0441\u0442\u0435\u043c\u0430 \u043a\u0430\u043c\u0435\u0440 \u0434\u043b\u044f \u0444\u043e\u0442\u043e \u0438 \u0432\u0438\u0434\u0435\u043e\u0441\u044a\u0451\u043c\u043a\u0438. \u041c\u0430\u043a\u0441\u0438\u043c\u0430\u043b\u044c\u043d\u043e \u043c\u043e\u0449\u043d\u044b\u0439 \u0438 \u044d\u043a\u043e\u043d\u043e\u043c\u0438\u0447\u043d\u044b\u0439 \u0430\u043a\u043a\u0443\u043c\u0443\u043b\u044f\u0442\u043e\u0440. \u0421\u0442\u0435\u0440\u0435\u043e\u0434\u0438\u043d\u0430\u043c\u0438\u043a\u0438 \u0441 \u0431\u043e\u0433\u0430\u0442\u044b\u043c \u0437\u0432\u0443\u0447\u0430\u043d\u0438\u0435\u043c. \u0421\u0430\u043c\u044b\u0439 \u044f\u0440\u043a\u0438\u0439 \u0438 \u0440\u0430\u0437\u043d\u043e\u0446\u0432\u0435\u0442\u043d\u044b\u0439 \u0438\u0437 \u0432\u0441\u0435\u0445 \u0434\u0438\u0441\u043f\u043b\u0435\u0435\u0432 iPhone.", "image_product": "images_products/59.0-IMG_1690.jpg", "price_product": 64000, "category": 4, "is_new": false, "is_discount": false, "is_popular": false, "is_exclusive": false, "is_active": true}}, {"model": "mainapp.products", "pk": 6, "fields": {"name_product": "\u0421\u043c\u0430\u0440\u0442\u0444\u043e\u043d Apple iPhone 8 Red 64 \u0413\u0431, \u043a\u0440\u0430\u0441\u043d\u044b\u0439", "description_product": "\u0421\u043c\u0430\u0440\u0442\u0444\u043e\u043d APPLE iPhone 8 64Gb, MQ6G2RU/A \u2014 \u043c\u043e\u0449\u043d\u043e\u0435 \u0443\u0441\u0442\u0440\u043e\u0439\u0441\u0442\u0432\u043e \u0441 \u0431\u043e\u043b\u044c\u0448\u0438\u043c \u043e\u0431\u044a\u0435\u043c\u043e\u043c \u0432\u043d\u0443\u0442\u0440\u0435\u043d\u043d\u0435\u0439 \u043f\u0430\u043c\u044f\u0442\u0438, \u043a\u043e\u0442\u043e\u0440\u043e\u0435 \u0440\u0430\u0431\u043e\u0442\u0430\u0435\u0442 \u043d\u0430 \u043e\u043f\u0435\u0440\u0430\u0446\u0438\u043e\u043d\u043d\u043e\u0439 \u0441\u0438\u0441\u0442\u0435\u043c\u0435 iOS 11 \u0438 \u0441\u043d\u0430\u0431\u0436\u0435\u043d\u043e \u0434\u0432\u0443\u043c\u044f \u043f\u0440\u043e\u0446\u0435\u0441\u0441\u043e\u0440\u0430\u043c\u0438. \u0411\u0435\u0437 \u043f\u043e\u0434\u0437\u0430\u0440\u044f\u0434\u043a\u0438 \u0443\u0441\u0442\u0440\u043e\u0439\u0441\u0442\u0432\u043e \u0444\u0443\u043d\u043a\u0446\u0438\u043e\u043d\u0438\u0440\u0443\u0435\u0442 \u0432 \u0440\u0435\u0436\u0438\u043c\u0435 \u0440\u0430\u0437\u0433\u043e\u0432\u043e\u0440\u0430 14 \u0447\u0430\u0441\u043e\u0432, \u0430 \u043f\u0440\u0438 \u0432\u043e\u0441\u043f\u0440\u043e\u0438\u0437\u0432\u0435\u0434\u0435\u043d\u0438\u0438 \u043c\u0443\u0437\u044b\u043a\u0438 \u2014 40.", "image_product": "images_products/3b72fc0fba75311e53bfc7e3d13abe31.jpeg", "price_product": 64000, "category": 5, "is_new": false, "is_discount": false, "is_popular": false, "is_exclusive": true, "is_active": true}}, {"model": "mainapp.products", "pk": 7, "fields": {"name_product": "\u0421\u043c\u0430\u0440\u0442\u0444\u043e\u043d Apple iPhone X 64 \u0413\u0431, \u0431\u0435\u043b\u044b\u0439 \u0441\u0430\u043f\u0444\u0438\u0440", "description_product": "\u0421\u043e\u0432\u0435\u0440\u0448\u0435\u043d\u043d\u043e \u043d\u043e\u0432\u044b\u0439 \u0434\u0438\u0441\u043f\u043b\u0435\u0439 Super Retina \u0441 \u0434\u0438\u0430\u0433\u043e\u043d\u0430\u043b\u044c\u044e 5,8 \u0434\u044e\u0439\u043c\u0430, \u043a\u043e\u0442\u043e\u0440\u044b\u0439 \u0443\u0434\u043e\u0431\u043d\u043e \u043b\u0435\u0436\u0438\u0442 \u0432 \u0440\u0443\u043a\u0435 \u0438 \u043f\u043e\u0442\u0440\u044f\u0441\u0430\u044e\u0449\u0435 \u0432\u044b\u0433\u043b\u044f\u0434\u0438\u0442, - \u044d\u0442\u043e \u0438 \u0435\u0441\u0442\u044c iPhone X. \u0414\u0438\u0441\u043f\u043b\u0435\u0439 \u0438 \u044d\u043b\u0435\u0433\u0430\u043d\u0442\u043d\u043e \u0437\u0430\u043a\u0440\u0443\u0433\u043b\u0451\u043d\u043d\u044b\u0439 \u043f\u043e \u0443\u0433\u043b\u0430\u043c \u043a\u043e\u0440\u043f\u0443\u0441 \u0438\u043d\u0442\u0435\u0433\u0440\u0438\u0440\u043e\u0432\u0430\u043d\u044b \u0435\u0449\u0451 \u043b\u0443\u0447\u0448\u0435 - \u044d\u0442\u043e\u0433\u043e \u0441\u043c\u043e\u0433\u043b\u0438 \u0434\u043e\u0431\u0438\u0442\u044c\u0441\u044f, \u0438\u0441\u043f\u043e\u043b\u044c\u0437\u0443\u044f \u043d\u0435\u0441\u043a\u043e\u043b\u044c\u043a\u043e \u0443\u043d\u0438\u043a\u0430\u043b\u044c\u043d\u044b\u0445 \u0442\u0435\u0445\u043d\u043e\u043b\u043e\u0433\u0438\u0439.", "image_product": "images_products/1536520076_iphone.jpg", "price_product": 64000, "category": 6, "is_new": false, "is_discount": false, "is_popular": true, "is_exclusive": false, "is_active": true}}, {"model": "mainapp.products", "pk": 8, "fields": {"name_product": "\u0421\u043c\u0430\u0440\u0442\u0444\u043e\u043d Apple iPhone X 128 \u0413\u0431, \u0447\u0435\u0440\u043d\u044b\u0439", "description_product": "\u0421\u043e\u0432\u0435\u0440\u0448\u0435\u043d\u043d\u043e \u043d\u043e\u0432\u044b\u0439 \u0434\u0438\u0441\u043f\u043b\u0435\u0439 Super Retina \u0441 \u0434\u0438\u0430\u0433\u043e\u043d\u0430\u043b\u044c\u044e 5,8 \u0434\u044e\u0439\u043c\u0430, \u043a\u043e\u0442\u043e\u0440\u044b\u0439 \u0443\u0434\u043e\u0431\u043d\u043e \u043b\u0435\u0436\u0438\u0442 \u0432 \u0440\u0443\u043a\u0435 \u0438 \u043f\u043e\u0442\u0440\u044f\u0441\u0430\u044e\u0449\u0435 \u0432\u044b\u0433\u043b\u044f\u0434\u0438\u0442, - \u044d\u0442\u043e \u0438 \u0435\u0441\u0442\u044c iPhone X. \u0414\u0438\u0441\u043f\u043b\u0435\u0439 \u0438 \u044d\u043b\u0435\u0433\u0430\u043d\u0442\u043d\u043e \u0437\u0430\u043a\u0440\u0443\u0433\u043b\u0451\u043d\u043d\u044b\u0439 \u043f\u043e \u0443\u0433\u043b\u0430\u043c \u043a\u043e\u0440\u043f\u0443\u0441 \u0438\u043d\u0442\u0435\u0433\u0440\u0438\u0440\u043e\u0432\u0430\u043d\u044b \u0435\u0449\u0451 \u043b\u0443\u0447\u0448\u0435 - \u044d\u0442\u043e\u0433\u043e \u0441\u043c\u043e\u0433\u043b\u0438 \u0434\u043e\u0431\u0438\u0442\u044c\u0441\u044f, \u0438\u0441\u043f\u043e\u043b\u044c\u0437\u0443\u044f \u043d\u0435\u0441\u043a\u043e\u043b\u044c\u043a\u043e \u0443\u043d\u0438\u043a\u0430\u043b\u044c\u043d\u044b\u0445 \u0442\u0435\u0445\u043d\u043e\u043b\u043e\u0433\u0438\u0439.", "image_product": "images_products/80573604664bef570cecb0fe9fd287b8.jpg", "price_product": 128000, "category": 6, "is_new": false, "is_discount": false, "is_popular": false, "is_exclusive": false, "is_active": true}}, {"model": "mainapp.products", "pk": 9, "fields": {"name_product": "\u0421\u043c\u0430\u0440\u0442\u0444\u043e\u043d Apple iPhone XS 64 \u0413\u0431, \u0447\u0435\u0440\u043d\u044b\u0439", "description_product": "\u041f\u0440\u043e\u0438\u0437\u0432\u043e\u0434\u0438\u0442\u0435\u043b\u044c\u043d\u044b\u0439 \u0448\u0435\u0441\u0442\u0438\u044f\u0434\u0435\u0440\u043d\u044b\u0439 \u043f\u0440\u043e\u0446\u0435\u0441\u0441\u043e\u0440 A12 Bionic \u043e\u0431\u0435\u0441\u043f\u0435\u0447\u0438\u0432\u0430\u0435\u0442 \u0432\u044b\u0441\u043e\u043a\u0443\u044e \u0441\u043a\u043e\u0440\u043e\u0441\u0442\u044c \u0440\u0430\u0431\u043e\u0442\u044b \u043c\u043e\u0431\u0438\u043b\u044c\u043d\u043e\u0433\u043e \u0443\u0441\u0442\u0440\u043e\u0439\u0441\u0442\u0432\u0430 \u0432\u043e \u0432\u0440\u0435\u043c\u044f \u0437\u0430\u043f\u0443\u0441\u043a\u0430 \u0440\u0430\u0437\u043d\u043e\u043e\u0431\u0440\u0430\u0437\u043d\u044b\u0445 \u043f\u0440\u043e\u0433\u0440\u0430\u043c\u043c. \u0421\u043c\u0430\u0440\u0442\u0444\u043e\u043d Apple MT532RU/A iPhone XSM 256GB Gl \u0441 \u043f\u043e\u0434\u0434\u0435\u0440\u0436\u043a\u043e\u0439 Nano-SIM-\u043a\u0430\u0440\u0442\u044b \u0444\u0443\u043d\u043a\u0446\u0438\u043e\u043d\u0438\u0440\u0443\u0435\u0442 \u043d\u0430 \u0431\u0430\u0437\u0435 \u041e\u0421 iOS 12 \u0438 \u043e\u0441\u043d\u0430\u0449\u0435\u043d \u0441\u043f\u0435\u0446\u0438\u0430\u043b\u044c\u043d\u044b\u043c \u0441\u0435\u043d\u0441\u043e\u0440\u043e\u043c \u0440\u0430\u0441\u043f\u043e\u0437\u043d\u0430\u0432\u0430\u043d\u0438\u044f \u043b\u0438\u0446\u0430.", "image_product": "images_products/apple-apple-iphone-xs-64gb-space-grey.jpg", "price_product": 64000, "category": 7, "is_new": false, "is_discount": false, "is_popular": true, "is_exclusive": false, "is_active": true}}, {"model": "mainapp.products", "pk": 10, "fields": {"name_product": "\u0421\u043c\u0430\u0440\u0442\u0444\u043e\u043d Apple iPhone XS 128 \u0413\u0431, \u0437\u043e\u043b\u043e\u0442\u043e\u0439", "description_product": "\u041f\u0440\u043e\u0438\u0437\u0432\u043e\u0434\u0438\u0442\u0435\u043b\u044c\u043d\u044b\u0439 \u0448\u0435\u0441\u0442\u0438\u044f\u0434\u0435\u0440\u043d\u044b\u0439 \u043f\u0440\u043e\u0446\u0435\u0441\u0441\u043e\u0440 A12 Bionic \u043e\u0431\u0435\u0441\u043f\u0435\u0447\u0438\u0432\u0430\u0435\u0442 \u0432\u044b\u0441\u043e\u043a\u0443\u044e \u0441\u043a\u043e\u0440\u043e\u0441\u0442\u044c \u0440\u0430\u0431\u043e\u0442\u044b \u043c\u043e\u0431\u0438\u043b\u044c\u043d\u043e\u0433\u043e \u0443\u0441\u0442\u0440\u043e\u0439\u0441\u0442\u0432\u0430 \u0432\u043e \u0432\u0440\u0435\u043c\u044f \u0437\u0430\u043f\u0443\u0441\u043a\u0430 \u0440\u0430\u0437\u043d\u043e\u043e\u0431\u0440\u0430\u0437\u043d\u044b\u0445 \u043f\u0440\u043e\u0433\u0440\u0430\u043c\u043c. \u0421\u043c\u0430\u0440\u0442\u0444\u043e\u043d Apple MT532RU/A iPhone XSM 256GB Gl \u0441 \u043f\u043e\u0434\u0434\u0435\u0440\u0436\u043a\u043e\u0439 Nano-SIM-\u043a\u0430\u0440\u0442\u044b \u0444\u0443\u043d\u043a\u0446\u0438\u043e\u043d\u0438\u0440\u0443\u0435\u0442 \u043d\u0430 \u0431\u0430\u0437\u0435 \u041e\u0421 iOS 12 \u0438 \u043e\u0441\u043d\u0430\u0449\u0435\u043d \u0441\u043f\u0435\u0446\u0438\u0430\u043b\u044c\u043d\u044b\u043c \u0441\u0435\u043d\u0441\u043e\u0440\u043e\u043c \u0440\u0430\u0441\u043f\u043e\u0437\u043d\u0430\u0432\u0430\u043d\u0438\u044f \u043b\u0438\u0446\u0430.", "image_product": "images_products/931965417.jpg", "price_product": 99900, "category": 7, "is_new": false, "is_discount": false, "is_popular": false, "is_exclusive": true, "is_active": true}}, {"model": "mainapp.products", "pk": 11, "fields": {"name_product": "\u0421\u043c\u0430\u0440\u0442\u0444\u043e\u043d Apple iPhone XR 64 \u0413\u0431, \u0431\u0435\u043b\u044b\u0439", "description_product": "iPhone Xr c \u0434\u0438\u0441\u043f\u043b\u0435\u0435\u043c Liquid Retina 6,1 \u0434\u044e\u0439\u043c\u0430. \u0421\u0430\u043c\u044b\u0439 \u043f\u0440\u043e\u0434\u0432\u0438\u043d\u0443\u0442\u044b\u0439 \u0416\u041a-\u0434\u0438\u0441\u043f\u043b\u0435\u0439 iPhone. \u0423\u043b\u0443\u0447\u0448\u0435\u043d\u043d\u044b\u0439 Face ID. \u0421\u0430\u043c\u044b\u0439 \u043c\u043e\u0449\u043d\u044b\u0439 \u0438 \u0443\u043c\u043d\u044b\u0439 \u043f\u0440\u043e\u0446\u0435\u0441\u0441\u043e\u0440 iPhone. \u041f\u043e\u0442\u0440\u044f\u0441\u0430\u044e\u0449\u0430\u044f \u043a\u0430\u043c\u0435\u0440\u0430. \u0418 \u0448\u0435\u0441\u0442\u044c \u0432\u0435\u043b\u0438\u043a\u043e\u043b\u0435\u043f\u043d\u044b\u0445 \u0446\u0432\u0435\u0442\u043e\u0432.", "image_product": "images_products/db85d1fc338cec01e742369f3ac77efa.jpg", "price_product": 64000, "category": 8, "is_new": true, "is_discount": false, "is_popular": true, "is_exclusive": true, "is_active": true}}, {"model": "mainapp.products", "pk": 12, "fields": {"name_product": "\u0421\u043c\u0430\u0440\u0442\u0444\u043e\u043d Apple iPhone XR 128 \u0413\u0431, \u043a\u0440\u0430\u0441\u043d\u044b\u0439", "description_product": "iPhone Xr c \u0434\u0438\u0441\u043f\u043b\u0435\u0435\u043c Liquid Retina 6,1 \u0434\u044e\u0439\u043c\u0430. \u0421\u0430\u043c\u044b\u0439 \u043f\u0440\u043e\u0434\u0432\u0438\u043d\u0443\u0442\u044b\u0439 \u0416\u041a-\u0434\u0438\u0441\u043f\u043b\u0435\u0439 iPhone. \u0423\u043b\u0443\u0447\u0448\u0435\u043d\u043d\u044b\u0439 Face ID. \u0421\u0430\u043c\u044b\u0439 \u043c\u043e\u0449\u043d\u044b\u0439 \u0438 \u0443\u043c\u043d\u044b\u0439 \u043f\u0440\u043e\u0446\u0435\u0441\u0441\u043e\u0440 iPhone. \u041f\u043e\u0442\u0440\u044f\u0441\u0430\u044e\u0449\u0430\u044f \u043a\u0430\u043c\u0435\u0440\u0430. \u0418 \u0448\u0435\u0441\u0442\u044c \u0432\u0435\u043b\u0438\u043a\u043e\u043b\u0435\u043f\u043d\u044b\u0445 \u0446\u0432\u0435\u0442\u043e\u0432.", "image_product": "images_products/e125e949d6ba8a432b71d189b3329801.jpeg", "price_product": 99000, "category": 8, "is_new": true, "is_discount": false, "is_popular": false, "is_exclusive": false, "is_active": true}}, {"model": "mainapp.products", "pk": 13, "fields": {"name_product": "\u0421\u043c\u0430\u0440\u0442\u0444\u043e\u043d Apple iPhone XR 64 \u0413\u0431, \u0433\u043e\u043b\u0443\u0431\u043e\u0439", "description_product": "iPhone Xr c \u0434\u0438\u0441\u043f\u043b\u0435\u0435\u043c Liquid Retina 6,1 \u0434\u044e\u0439\u043c\u0430. \u0421\u0430\u043c\u044b\u0439 \u043f\u0440\u043e\u0434\u0432\u0438\u043d\u0443\u0442\u044b\u0439 \u0416\u041a-\u0434\u0438\u0441\u043f\u043b\u0435\u0439 iPhone. \u0423\u043b\u0443\u0447\u0448\u0435\u043d\u043d\u044b\u0439 Face ID. \u0421\u0430\u043c\u044b\u0439 \u043c\u043e\u0449\u043d\u044b\u0439 \u0438 \u0443\u043c\u043d\u044b\u0439 \u043f\u0440\u043e\u0446\u0435\u0441\u0441\u043e\u0440 iPhone. \u041f\u043e\u0442\u0440\u044f\u0441\u0430\u044e\u0449\u0430\u044f \u043a\u0430\u043c\u0435\u0440\u0430. \u0418 \u0448\u0435\u0441\u0442\u044c \u0432\u0435\u043b\u0438\u043a\u043e\u043b\u0435\u043f\u043d\u044b\u0445 \u0446\u0432\u0435\u0442\u043e\u0432.", "image_product": "images_products/iphone-xr-goluboy.jpg", "price_product": 64000, "category": 8, "is_new": true, "is_discount": false, "is_popular": false, "is_exclusive": false, "is_active": true}}, {"model": "mainapp.products", "pk": 14, "fields": {"name_product": "\u0421\u043c\u0430\u0440\u0442\u0444\u043e\u043d Apple iPhone SE 32 \u0413\u0431, \u0441\u0435\u0440\u0435\u0431\u0440\u044f\u043d\u044b\u0439", "description_product": "\u0412\u0441\u0442\u0440\u0435\u0447\u0430\u0439\u0442\u0435 Apple iPhone SE \u2013 \u0441\u043c\u0430\u0440\u0442\u0444\u043e\u043d \u0432 \u0441\u0443\u043f\u0435\u0440\u043f\u043e\u043f\u0443\u043b\u044f\u0440\u043d\u043e\u043c \u0447\u0435\u0442\u044b\u0440\u0451\u0445\u0434\u044e\u0439\u043c\u043e\u0432\u043e\u043c \u0434\u0438\u0437\u0430\u0439\u043d\u0435, \u043a\u043e\u0442\u043e\u0440\u044b\u0439 \u043f\u043e \u043c\u043e\u0449\u043d\u043e\u0441\u0442\u0438 \u0441\u0440\u0430\u0432\u043d\u0438\u043c \u0441 6s! \u0421\u0442\u0438\u043b\u044c\u043d\u044b\u0439 \u0432\u0438\u0434, \u043f\u0440\u043e\u0438\u0437\u0432\u043e\u0434\u0438\u0442\u0435\u043b\u044c\u043d\u043e\u0441\u0442\u044c \u0438 \u0444\u0438\u0440\u043c\u0435\u043d\u043d\u0430\u044f \u043a\u0430\u043c\u0435\u0440\u0430 Retina \u2013 \u0432\u0441\u0451, \u0447\u0442\u043e \u0432\u0430\u043c \u043d\u0443\u0436\u043d\u043e \u043e\u0442 \u0442\u0435\u043b\u0435\u0444\u043e\u043d\u0430.", "image_product": "images_products/iphone-SE-32gb-silver.jpg", "price_product": 16000, "category": 3, "is_new": false, "is_discount": true, "is_popular": false, "is_exclusive": false, "is_active": true}}, {"model": "mainapp.products", "pk": 15, "fields": {"name_product": "\u0421\u043c\u0430\u0440\u0442\u0444\u043e\u043d Apple iPhone XR 64 \u0413\u0431, \u0436\u0435\u043b\u0442\u044b\u0439", "description_product": "iPhone Xr c \u0434\u0438\u0441\u043f\u043b\u0435\u0435\u043c Liquid Retina 6,1 \u0434\u044e\u0439\u043c\u0430. \u0421\u0430\u043c\u044b\u0439 \u043f\u0440\u043e\u0434\u0432\u0438\u043d\u0443\u0442\u044b\u0439 \u0416\u041a-\u0434\u0438\u0441\u043f\u043b\u0435\u0439 iPhone. \u0423\u043b\u0443\u0447\u0448\u0435\u043d\u043d\u044b\u0439 Face ID. \u0421\u0430\u043c\u044b\u0439 \u043c\u043e\u0449\u043d\u044b\u0439 \u0438 \u0443\u043c\u043d\u044b\u0439 \u043f\u0440\u043e\u0446\u0435\u0441\u0441\u043e\u0440 iPhone. \u041f\u043e\u0442\u0440\u044f\u0441\u0430\u044e\u0449\u0430\u044f \u043a\u0430\u043c\u0435\u0440\u0430. \u0418 \u0448\u0435\u0441\u0442\u044c \u0432\u0435\u043b\u0438\u043a\u043e\u043b\u0435\u043f\u043d\u044b\u0445 \u0446\u0432\u0435\u0442\u043e\u0432.", "image_product": "images_products/apple-iphone-xr-yellow-combo.jpg", "price_product": 64000, "category": 8, "is_new": true, "is_discount": false, "is_popular": false, "is_exclusive": true, "is_active": true}}, {"model": "mainapp.products", "pk": 16, "fields": {"name_product": "\u0421\u043c\u0430\u0440\u0442\u0444\u043e\u043d Apple iPhone 6 128 \u0413\u0431, \u0440\u043e\u0437\u043e\u0432\u043e\u0435 \u0437\u043e\u043b\u043e\u0442\u043e", "description_product": "\u0412\u043f\u0435\u0440\u0432\u044b\u0435 \u043f\u0440\u0438\u043a\u043e\u0441\u043d\u0443\u0432\u0448\u0438\u0441\u044c \u043a Apple iPhone 6s, \u0441\u0440\u0430\u0437\u0443 \u0441\u0442\u0430\u043d\u043e\u0432\u0438\u0442\u0441\u044f \u044f\u0441\u043d\u043e, \u0447\u0442\u043e \u043d\u0438 \u0441 \u0447\u0435\u043c \u043f\u043e\u0434\u043e\u0431\u043d\u044b\u043c \u0442\u044b \u0435\u0449\u0451 \u043d\u0435 \u0432\u0441\u0442\u0440\u0435\u0447\u0430\u043b\u0441\u044f. \u041f\u0440\u0438\u043a\u043e\u0441\u043d\u043e\u0432\u0435\u043d\u0438\u0435\u043c \u043a \u0441\u0435\u043d\u0441\u043e\u0440\u043d\u043e\u043c\u0443 4,7 \u0434\u044e\u0439\u043c\u043e\u0432\u043e\u043c\u0443 Retina HD \u044d\u043a\u0440\u0430\u043d\u0443 \u2013 \u044d\u0442\u043e \u043d\u0435 \u043f\u0440\u043e\u0441\u0442\u043e \u043f\u0440\u0438\u043a\u043e\u0441\u043d\u043e\u0432\u0435\u043d\u0438\u0435: 3D Touch \u043c\u043e\u0436\u0435\u0442 \u0433\u043e\u0440\u0430\u0437\u0434\u043e \u0431\u043e\u043b\u044c\u0448\u0435. Live Photos \u043f\u0440\u043e\u0431\u0443\u0436\u0434\u0430\u044e\u0442 \u0432\u043e\u0441\u043f\u043e\u043c\u0438\u043d\u0430\u043d\u0438\u044f \u0438 \u043f\u043e\u043c\u043e\u0433\u0430\u044e\u0442 \u0441\u043d\u043e\u0432\u0430 \u043f\u0435\u0440\u0435\u0436\u0438\u0442\u044c \u043f\u0440\u0435\u043a\u0440\u0430\u0441\u043d\u0435\u0439\u0448\u0438\u0435 \u043c\u043e\u043c\u0435\u043d\u0442\u044b \u0442\u0432\u043e\u0435\u0439 \u0436\u0438\u0437\u043d\u0438. \u0418 \u044d\u0442\u043e \u2013 \u0442\u043e\u043b\u044c\u043a\u043e \u043d\u0430\u0447\u0430\u043b\u043e, \u0442\u0430\u043a \u043a\u0430\u043a iPhone 6s \u043f\u043e-\u043d\u043e\u0432\u043e\u043c\u0443 \u043e\u0442\u043a\u0440\u043e\u0435\u0442 \u0434\u043b\u044f \u0442\u0435\u0431\u044f \u043a\u0430\u0436\u0434\u0443\u044e \u0444\u0443\u043d\u043a\u0446\u0438\u044e.", "image_product": "images_products/iphone_6s_128gb-rose_gold_1_1.png", "price_product": 26250, "category": 2, "is_new": false, "is_discount": true, "is_popular": false, "is_exclusive": true, "is_active": true}}, {"model": "mainapp.products", "pk": 17, "fields": {"name_product": "\u0421\u043c\u0430\u0440\u0442\u0444\u043e\u043d Apple iPhone 6S 32 \u0413\u0431, \u0447\u0435\u0440\u043d\u044b\u0439", "description_product": "\u0412\u043f\u0435\u0440\u0432\u044b\u0435 \u043f\u0440\u0438\u043a\u043e\u0441\u043d\u0443\u0432\u0448\u0438\u0441\u044c \u043a Apple iPhone 6s, \u0441\u0440\u0430\u0437\u0443 \u0441\u0442\u0430\u043d\u043e\u0432\u0438\u0442\u0441\u044f \u044f\u0441\u043d\u043e, \u0447\u0442\u043e \u043d\u0438 \u0441 \u0447\u0435\u043c \u043f\u043e\u0434\u043e\u0431\u043d\u044b\u043c \u0442\u044b \u0435\u0449\u0451 \u043d\u0435 \u0432\u0441\u0442\u0440\u0435\u0447\u0430\u043b\u0441\u044f. \u041f\u0440\u0438\u043a\u043e\u0441\u043d\u043e\u0432\u0435\u043d\u0438\u0435\u043c \u043a \u0441\u0435\u043d\u0441\u043e\u0440\u043d\u043e\u043c\u0443 4,7 \u0434\u044e\u0439\u043c\u043e\u0432\u043e\u043c\u0443 Retina HD \u044d\u043a\u0440\u0430\u043d\u0443 \u2013 \u044d\u0442\u043e \u043d\u0435 \u043f\u0440\u043e\u0441\u0442\u043e \u043f\u0440\u0438\u043a\u043e\u0441\u043d\u043e\u0432\u0435\u043d\u0438\u0435: 3D Touch \u043c\u043e\u0436\u0435\u0442 \u0433\u043e\u0440\u0430\u0437\u0434\u043e \u0431\u043e\u043b\u044c\u0448\u0435. \r\nLive Photos \u043f\u0440\u043e\u0431\u0443\u0436\u0434\u0430\u044e\u0442 \u0432\u043e\u0441\u043f\u043e\u043c\u0438\u043d\u0430\u043d\u0438\u044f \u0438 \u043f\u043e\u043c\u043e\u0433\u0430\u044e\u0442 \u0441\u043d\u043e\u0432\u0430 \u043f\u0435\u0440\u0435\u0436\u0438\u0442\u044c \u043f\u0440\u0435\u043a\u0440\u0430\u0441\u043d\u0435\u0439\u0448\u0438\u0435 \u043c\u043e\u043c\u0435\u043d\u0442\u044b \u0442\u0432\u043e\u0435\u0439 \u0436\u0438\u0437\u043d\u0438. \u0418 \u044d\u0442\u043e \u2013 \u0442\u043e\u043b\u044c\u043a\u043e \u043d\u0430\u0447\u0430\u043b\u043e, \u0442\u0430\u043a \u043a\u0430\u043a iPhone 6s \u043f\u043e-\u043d\u043e\u0432\u043e\u043c\u0443 \u043e\u0442\u043a\u0440\u043e\u0435\u0442 \u0434\u043b\u044f \u0442\u0435\u0431\u044f \u043a\u0430\u0436\u0434\u0443\u044e \u0444\u0443\u043d\u043a\u0446\u0438\u044e.", "image_product": "images_products/125295726_w640_h640_remont-iphone-6.jpg", "price_product": 32000, "category": 2, "is_new": false, "is_discount": false, "is_popular": false, "is_exclusive": false, "is_active": true}}, {"model": "mainapp.products", "pk": 18, "fields": {"name_product": "\u0421\u043c\u0430\u0440\u0442\u0444\u043e\u043d Apple iPhone SE 32 \u0413\u0431, \u0441\u0435\u0440\u044b\u0439 \u043a\u043e\u0441\u043c\u043e\u0441", "description_product": "\u0412\u0441\u0442\u0440\u0435\u0447\u0430\u0439\u0442\u0435 Apple iPhone SE \u2013 \u0441\u043c\u0430\u0440\u0442\u0444\u043e\u043d \u0432 \u0441\u0443\u043f\u0435\u0440\u043f\u043e\u043f\u0443\u043b\u044f\u0440\u043d\u043e\u043c \u0447\u0435\u0442\u044b\u0440\u0451\u0445\u0434\u044e\u0439\u043c\u043e\u0432\u043e\u043c \u0434\u0438\u0437\u0430\u0439\u043d\u0435, \u043a\u043e\u0442\u043e\u0440\u044b\u0439 \u043f\u043e \u043c\u043e\u0449\u043d\u043e\u0441\u0442\u0438 \u0441\u0440\u0430\u0432\u043d\u0438\u043c \u0441 6s! \u0421\u0442\u0438\u043b\u044c\u043d\u044b\u0439 \u0432\u0438\u0434, \u043f\u0440\u043e\u0438\u0437\u0432\u043e\u0434\u0438\u0442\u0435\u043b\u044c\u043d\u043e\u0441\u0442\u044c \u0438 \u0444\u0438\u0440\u043c\u0435\u043d\u043d\u0430\u044f \u043a\u0430\u043c\u0435\u0440\u0430 Retina \u2013 \u0432\u0441\u0451, \u0447\u0442\u043e \u0432\u0430\u043c \u043d\u0443\u0436\u043d\u043e \u043e\u0442 \u0442\u0435\u043b\u0435\u0444\u043e\u043d\u0430.", "image_product": "images_products/41sLxr7xbvL.jpg", "price_product": 9990, "category": 3, "is_new": false, "is_discount": false, "is_popular": false, "is_exclusive": false, "is_active": true}}, {"model": "mainapp.products", "pk": 19, "fields": {"name_product": "\u0421\u043c\u0430\u0440\u0442\u0444\u043e\u043d Apple iPhone SE 32 \u0413\u0431, \u0437\u043e\u043b\u043e\u0442\u043e\u0439", "description_product": "\u0412\u0441\u0442\u0440\u0435\u0447\u0430\u0439\u0442\u0435 Apple iPhone SE \u2013 \u0441\u043c\u0430\u0440\u0442\u0444\u043e\u043d \u0432 \u0441\u0443\u043f\u0435\u0440\u043f\u043e\u043f\u0443\u043b\u044f\u0440\u043d\u043e\u043c \u0447\u0435\u0442\u044b\u0440\u0451\u0445\u0434\u044e\u0439\u043c\u043e\u0432\u043e\u043c \u0434\u0438\u0437\u0430\u0439\u043d\u0435, \u043a\u043e\u0442\u043e\u0440\u044b\u0439 \u043f\u043e \u043c\u043e\u0449\u043d\u043e\u0441\u0442\u0438 \u0441\u0440\u0430\u0432\u043d\u0438\u043c \u0441 6s! \u0421\u0442\u0438\u043b\u044c\u043d\u044b\u0439 \u0432\u0438\u0434, \u043f\u0440\u043e\u0438\u0437\u0432\u043e\u0434\u0438\u0442\u0435\u043b\u044c\u043d\u043e\u0441\u0442\u044c \u0438 \u0444\u0438\u0440\u043c\u0435\u043d\u043d\u0430\u044f \u043a\u0430\u043c\u0435\u0440\u0430 Retina \u2013 \u0432\u0441\u0451, \u0447\u0442\u043e \u0432\u0430\u043c \u043d\u0443\u0436\u043d\u043e \u043e\u0442 \u0442\u0435\u043b\u0435\u0444\u043e\u043d\u0430.", "image_product": "images_products/5b10e9f8a380b6a4527d7ca6.jpg", "price_product": 12000, "category": 3, "is_new": false, "is_discount": false, "is_popular": false, "is_exclusive": false, "is_active": true}}, {"model": "mainapp.products", "pk": 20, "fields": {"name_product": "\u0421\u043c\u0430\u0440\u0442\u0444\u043e\u043d Apple iPhone SE 32 \u0413\u0431, \u0440\u043e\u0437\u043e\u0432\u044b\u0439", "description_product": "\u0412\u0441\u0442\u0440\u0435\u0447\u0430\u0439\u0442\u0435 Apple iPhone SE \u2013 \u0441\u043c\u0430\u0440\u0442\u0444\u043e\u043d \u0432 \u0441\u0443\u043f\u0435\u0440\u043f\u043e\u043f\u0443\u043b\u044f\u0440\u043d\u043e\u043c \u0447\u0435\u0442\u044b\u0440\u0451\u0445\u0434\u044e\u0439\u043c\u043e\u0432\u043e\u043c \u0434\u0438\u0437\u0430\u0439\u043d\u0435, \u043a\u043e\u0442\u043e\u0440\u044b\u0439 \u043f\u043e \u043c\u043e\u0449\u043d\u043e\u0441\u0442\u0438 \u0441\u0440\u0430\u0432\u043d\u0438\u043c \u0441 6s! \u0421\u0442\u0438\u043b\u044c\u043d\u044b\u0439 \u0432\u0438\u0434, \u043f\u0440\u043e\u0438\u0437\u0432\u043e\u0434\u0438\u0442\u0435\u043b\u044c\u043d\u043e\u0441\u0442\u044c \u0438 \u0444\u0438\u0440\u043c\u0435\u043d\u043d\u0430\u044f \u043a\u0430\u043c\u0435\u0440\u0430 Retina \u2013 \u0432\u0441\u0451, \u0447\u0442\u043e \u0432\u0430\u043c \u043d\u0443\u0436\u043d\u043e \u043e\u0442 \u0442\u0435\u043b\u0435\u0444\u043e\u043d\u0430.", "image_product": "images_products/46dd1962baf66e8aa4127369799fd1cb.jpg", "price_product": 13990, "category": 3, "is_new": false, "is_discount": false, "is_popular": false, "is_exclusive": false, "is_active": true}}, {"model": "mainapp.products", "pk": 21, "fields": {"name_product": "\u0421\u043c\u0430\u0440\u0442\u0444\u043e\u043d Apple iPhone 7 32 \u0413\u0431, \u0441\u0435\u0440\u0435\u0431\u0440\u0438\u0441\u0442\u044b\u0439", "description_product": "\u0412 iPhone 7 \u0432\u0441\u0435 \u0432\u0430\u0436\u043d\u0435\u0439\u0448\u0438\u0435 \u0430\u0441\u043f\u0435\u043a\u0442\u044b iPhone \u0437\u043d\u0430\u0447\u0438\u0442\u0435\u043b\u044c\u043d\u043e \u0443\u043b\u0443\u0447\u0448\u0435\u043d\u044b. \u042d\u0442\u043e \u043f\u0440\u0438\u043d\u0446\u0438\u043f\u0438\u0430\u043b\u044c\u043d\u043e \u043d\u043e\u0432\u0430\u044f \u0441\u0438\u0441\u0442\u0435\u043c\u0430 \u043a\u0430\u043c\u0435\u0440 \u0434\u043b\u044f \u0444\u043e\u0442\u043e \u0438 \u0432\u0438\u0434\u0435\u043e\u0441\u044a\u0451\u043c\u043a\u0438. \u041c\u0430\u043a\u0441\u0438\u043c\u0430\u043b\u044c\u043d\u043e \u043c\u043e\u0449\u043d\u044b\u0439 \u0438 \u044d\u043a\u043e\u043d\u043e\u043c\u0438\u0447\u043d\u044b\u0439 \u0430\u043a\u043a\u0443\u043c\u0443\u043b\u044f\u0442\u043e\u0440. \u0421\u0442\u0435\u0440\u0435\u043e\u0434\u0438\u043d\u0430\u043c\u0438\u043a\u0438 \u0441 \u0431\u043e\u0433\u0430\u0442\u044b\u043c \u0437\u0432\u0443\u0447\u0430\u043d\u0438\u0435\u043c. \u0421\u0430\u043c\u044b\u0439 \u044f\u0440\u043a\u0438\u0439 \u0438 \u0440\u0430\u0437\u043d\u043e\u0446\u0432\u0435\u0442\u043d\u044b\u0439 \u0438\u0437 \u0432\u0441\u0435\u0445 \u0434\u0438\u0441\u043f\u043b\u0435\u0435\u0432 iPhone.", "image_product": "images_products/apple-iphone-7-128gb-silver-pre-owned.jpg", "price_product": 29900, "category": 4, "is_new": false, "is_discount": false, "is_popular": false, "is_exclusive": false, "is_active": true}}, {"model": "mainapp.products", "pk": 22, "fields": {"name_product": "\u0421\u043c\u0430\u0440\u0442\u0444\u043e\u043d Apple iPhone 7 128 \u0413\u0431, \u043a\u0440\u0430\u0441\u043d\u044b\u0439", "description_product": "\u0412 iPhone 7 \u0432\u0441\u0435 \u0432\u0430\u0436\u043d\u0435\u0439\u0448\u0438\u0435 \u0430\u0441\u043f\u0435\u043a\u0442\u044b iPhone \u0437\u043d\u0430\u0447\u0438\u0442\u0435\u043b\u044c\u043d\u043e \u0443\u043b\u0443\u0447\u0448\u0435\u043d\u044b. \u042d\u0442\u043e \u043f\u0440\u0438\u043d\u0446\u0438\u043f\u0438\u0430\u043b\u044c\u043d\u043e \u043d\u043e\u0432\u0430\u044f \u0441\u0438\u0441\u0442\u0435\u043c\u0430 \u043a\u0430\u043c\u0435\u0440 \u0434\u043b\u044f \u0444\u043e\u0442\u043e \u0438 \u0432\u0438\u0434\u0435\u043e\u0441\u044a\u0451\u043c\u043a\u0438. \u041c\u0430\u043a\u0441\u0438\u043c\u0430\u043b\u044c\u043d\u043e \u043c\u043e\u0449\u043d\u044b\u0439 \u0438 \u044d\u043a\u043e\u043d\u043e\u043c\u0438\u0447\u043d\u044b\u0439 \u0430\u043a\u043a\u0443\u043c\u0443\u043b\u044f\u0442\u043e\u0440. \u0421\u0442\u0435\u0440\u0435\u043e\u0434\u0438\u043d\u0430\u043c\u0438\u043a\u0438 \u0441 \u0431\u043e\u0433\u0430\u0442\u044b\u043c \u0437\u0432\u0443\u0447\u0430\u043d\u0438\u0435\u043c. \u0421\u0430\u043c\u044b\u0439 \u044f\u0440\u043a\u0438\u0439 \u0438 \u0440\u0430\u0437\u043d\u043e\u0446\u0432\u0435\u0442\u043d\u044b\u0439 \u0438\u0437 \u0432\u0441\u0435\u0445 \u0434\u0438\u0441\u043f\u043b\u0435\u0435\u0432 iPhone.", "image_product": "images_products/Apple-iPhone-7-PLUS-256GB-4G-LTE--Red-FaceTime-1-768x768.jpg", "price_product": 29900, "category": 4, "is_new": false, "is_discount": false, "is_popular": false, "is_exclusive": false, "is_active": true}}, {"model": "mainapp.products", "pk": 23, "fields": {"name_product": "\u0421\u043c\u0430\u0440\u0442\u0444\u043e\u043d Apple iPhone 8 64 \u0413\u0431, \u0447\u0435\u0440\u043d\u044b\u0439", "description_product": "\u0421\u043c\u0430\u0440\u0442\u0444\u043e\u043d APPLE iPhone 8 64Gb, MQ6G2RU/A \u2014 \u043c\u043e\u0449\u043d\u043e\u0435 \u0443\u0441\u0442\u0440\u043e\u0439\u0441\u0442\u0432\u043e \u0441 \u0431\u043e\u043b\u044c\u0448\u0438\u043c \u043e\u0431\u044a\u0435\u043c\u043e\u043c \u0432\u043d\u0443\u0442\u0440\u0435\u043d\u043d\u0435\u0439 \u043f\u0430\u043c\u044f\u0442\u0438, \u043a\u043e\u0442\u043e\u0440\u043e\u0435 \u0440\u0430\u0431\u043e\u0442\u0430\u0435\u0442 \u043d\u0430 \u043e\u043f\u0435\u0440\u0430\u0446\u0438\u043e\u043d\u043d\u043e\u0439 \u0441\u0438\u0441\u0442\u0435\u043c\u0435 iOS 11 \u0438 \u0441\u043d\u0430\u0431\u0436\u0435\u043d\u043e \u0434\u0432\u0443\u043c\u044f \u043f\u0440\u043e\u0446\u0435\u0441\u0441\u043e\u0440\u0430\u043c\u0438. \u0411\u0435\u0437 \u043f\u043e\u0434\u0437\u0430\u0440\u044f\u0434\u043a\u0438 \u0443\u0441\u0442\u0440\u043e\u0439\u0441\u0442\u0432\u043e \u0444\u0443\u043d\u043a\u0446\u0438\u043e\u043d\u0438\u0440\u0443\u0435\u0442 \u0432 \u0440\u0435\u0436\u0438\u043c\u0435 \u0440\u0430\u0437\u0433\u043e\u0432\u043e\u0440\u0430 14 \u0447\u0430\u0441\u043e\u0432, \u0430 \u043f\u0440\u0438 \u0432\u043e\u0441\u043f\u0440\u043e\u0438\u0437\u0432\u0435\u0434\u0435\u043d\u0438\u0438 \u043c\u0443\u0437\u044b\u043a\u0438 \u2014 40.", "image_product": "images_products/apple-iphone-8-64-gb-space-gray-seryj-kosmos-.jpg", "price_product": 44900, "category": 5, "is_new": false, "is_discount": false, "is_popular": false, "is_exclusive": false, "is_active": true}}, {"model": "mainapp.products", "pk": 24, "fields": {"name_product": "\u0421\u043c\u0430\u0440\u0442\u0444\u043e\u043d Apple iPhone 8 32 \u0413\u0431, \u0437\u043e\u043b\u043e\u0442\u043e\u0439", "description_product": "\u0421\u043c\u0430\u0440\u0442\u0444\u043e\u043d APPLE iPhone 8 64Gb, MQ6G2RU/A \u2014 \u043c\u043e\u0449\u043d\u043e\u0435 \u0443\u0441\u0442\u0440\u043e\u0439\u0441\u0442\u0432\u043e \u0441 \u0431\u043e\u043b\u044c\u0448\u0438\u043c \u043e\u0431\u044a\u0435\u043c\u043e\u043c \u0432\u043d\u0443\u0442\u0440\u0435\u043d\u043d\u0435\u0439 \u043f\u0430\u043c\u044f\u0442\u0438, \u043a\u043e\u0442\u043e\u0440\u043e\u0435 \u0440\u0430\u0431\u043e\u0442\u0430\u0435\u0442 \u043d\u0430 \u043e\u043f\u0435\u0440\u0430\u0446\u0438\u043e\u043d\u043d\u043e\u0439 \u0441\u0438\u0441\u0442\u0435\u043c\u0435 iOS 11 \u0438 \u0441\u043d\u0430\u0431\u0436\u0435\u043d\u043e \u0434\u0432\u0443\u043c\u044f \u043f\u0440\u043e\u0446\u0435\u0441\u0441\u043e\u0440\u0430\u043c\u0438. \u0411\u0435\u0437 \u043f\u043e\u0434\u0437\u0430\u0440\u044f\u0434\u043a\u0438 \u0443\u0441\u0442\u0440\u043e\u0439\u0441\u0442\u0432\u043e \u0444\u0443\u043d\u043a\u0446\u0438\u043e\u043d\u0438\u0440\u0443\u0435\u0442 \u0432 \u0440\u0435\u0436\u0438\u043c\u0435 \u0440\u0430\u0437\u0433\u043e\u0432\u043e\u0440\u0430 14 \u0447\u0430\u0441\u043e\u0432, \u0430 \u043f\u0440\u0438 \u0432\u043e\u0441\u043f\u0440\u043e\u0438\u0437\u0432\u0435\u0434\u0435\u043d\u0438\u0438 \u043c\u0443\u0437\u044b\u043a\u0438 \u2014 40.", "image_product": "images_products/apple-iphone-8-plus-64-gb-gold-zolotoj-.jpg", "price_product": 29900, "category": 5, "is_new": false, "is_discount": false, "is_popular": false, "is_exclusive": false, "is_active": true}}, {"model": "mainapp.products", "pk": 25, "fields": {"name_product": "\u0421\u043c\u0430\u0440\u0442\u0444\u043e\u043d Apple iPhone X 64 \u0413\u0431, \u0441\u0435\u0440\u0435\u0431\u0440\u0438\u0441\u0442\u044b\u0439", "description_product": "\u0421\u043e\u0432\u0435\u0440\u0448\u0435\u043d\u043d\u043e \u043d\u043e\u0432\u044b\u0439 \u0434\u0438\u0441\u043f\u043b\u0435\u0439 Super Retina \u0441 \u0434\u0438\u0430\u0433\u043e\u043d\u0430\u043b\u044c\u044e 5,8 \u0434\u044e\u0439\u043c\u0430, \u043a\u043e\u0442\u043e\u0440\u044b\u0439 \u0443\u0434\u043e\u0431\u043d\u043e \u043b\u0435\u0436\u0438\u0442 \u0432 \u0440\u0443\u043a\u0435 \u0438 \u043f\u043e\u0442\u0440\u044f\u0441\u0430\u044e\u0449\u0435 \u0432\u044b\u0433\u043b\u044f\u0434\u0438\u0442, - \u044d\u0442\u043e \u0438 \u0435\u0441\u0442\u044c iPhone X. \u0414\u0438\u0441\u043f\u043b\u0435\u0439 \u0438 \u044d\u043b\u0435\u0433\u0430\u043d\u0442\u043d\u043e \u0437\u0430\u043a\u0440\u0443\u0433\u043b\u0451\u043d\u043d\u044b\u0439 \u043f\u043e \u0443\u0433\u043b\u0430\u043c \u043a\u043e\u0440\u043f\u0443\u0441 \u0438\u043d\u0442\u0435\u0433\u0440\u0438\u0440\u043e\u0432\u0430\u043d\u044b \u0435\u0449\u0451 \u043b\u0443\u0447\u0448\u0435 - \u044d\u0442\u043e\u0433\u043e \u0441\u043c\u043e\u0433\u043b\u0438 \u0434\u043e\u0431\u0438\u0442\u044c\u0441\u044f, \u0438\u0441\u043f\u043e\u043b\u044c\u0437\u0443\u044f \u043d\u0435\u0441\u043a\u043e\u043b\u044c\u043a\u043e \u0443\u043d\u0438\u043a\u0430\u043b\u044c\u043d\u044b\u0445 \u0442\u0435\u0445\u043d\u043e\u043b\u043e\u0433\u0438\u0439.", "image_product": "images_products/xv8-700x700.jpg", "price_product": 49900, "category": 6, "is_new": false, "is_discount": false, "is_popular": false, "is_exclusive": false, "is_active": true}}, {"model": "mainapp.products", "pk": 26, "fields": {"name_product": "\u0421\u043c\u0430\u0440\u0442\u0444\u043e\u043d Apple iPhone X 128 \u0413\u0431, \u0440\u043e\u0437\u043e\u0432\u043e\u0435 \u0437\u043e\u043b\u043e\u0442\u043e", "description_product": "\u0421\u043e\u0432\u0435\u0440\u0448\u0435\u043d\u043d\u043e \u043d\u043e\u0432\u044b\u0439 \u0434\u0438\u0441\u043f\u043b\u0435\u0439 Super Retina \u0441 \u0434\u0438\u0430\u0433\u043e\u043d\u0430\u043b\u044c\u044e 5,8 \u0434\u044e\u0439\u043c\u0430, \u043a\u043e\u0442\u043e\u0440\u044b\u0439 \u0443\u0434\u043e\u0431\u043d\u043e \u043b\u0435\u0436\u0438\u0442 \u0432 \u0440\u0443\u043a\u0435 \u0438 \u043f\u043e\u0442\u0440\u044f\u0441\u0430\u044e\u0449\u0435 \u0432\u044b\u0433\u043b\u044f\u0434\u0438\u0442, - \u044d\u0442\u043e \u0438 \u0435\u0441\u0442\u044c iPhone X. \u0414\u0438\u0441\u043f\u043b\u0435\u0439 \u0438 \u044d\u043b\u0435\u0433\u0430\u043d\u0442\u043d\u043e \u0437\u0430\u043a\u0440\u0443\u0433\u043b\u0451\u043d\u043d\u044b\u0439 \u043f\u043e \u0443\u0433\u043b\u0430\u043c \u043a\u043e\u0440\u043f\u0443\u0441 \u0438\u043d\u0442\u0435\u0433\u0440\u0438\u0440\u043e\u0432\u0430\u043d\u044b \u0435\u0449\u0451 \u043b\u0443\u0447\u0448\u0435 - \u044d\u0442\u043e\u0433\u043e \u0441\u043c\u043e\u0433\u043b\u0438 \u0434\u043e\u0431\u0438\u0442\u044c\u0441\u044f, \u0438\u0441\u043f\u043e\u043b\u044c\u0437\u0443\u044f \u043d\u0435\u0441\u043a\u043e\u043b\u044c\u043a\u043e \u0443\u043d\u0438\u043a\u0430\u043b\u044c\u043d\u044b\u0445 \u0442\u0435\u0445\u043d\u043e\u043b\u043e\u0433\u0438\u0439.", "image_product": "images_products/x-fusion-rose-iphonex.jpg", "price_product": 99000, "category": 6, "is_new": false, "is_discount": false, "is_popular": false, "is_exclusive": false, "is_active": true}}, {"model": "mainapp.products", "pk": 27, "fields": {"name_product": "\u0421\u043c\u0430\u0440\u0442\u0444\u043e\u043d Apple iPhone XS 64 \u0413\u0431, \u0431\u0435\u043b\u044b\u0439", "description_product": "\u041f\u0440\u043e\u0438\u0437\u0432\u043e\u0434\u0438\u0442\u0435\u043b\u044c\u043d\u044b\u0439 \u0448\u0435\u0441\u0442\u0438\u044f\u0434\u0435\u0440\u043d\u044b\u0439 \u043f\u0440\u043e\u0446\u0435\u0441\u0441\u043e\u0440 A12 Bionic \u043e\u0431\u0435\u0441\u043f\u0435\u0447\u0438\u0432\u0430\u0435\u0442 \u0432\u044b\u0441\u043e\u043a\u0443\u044e \u0441\u043a\u043e\u0440\u043e\u0441\u0442\u044c \u0440\u0430\u0431\u043e\u0442\u044b \u043c\u043e\u0431\u0438\u043b\u044c\u043d\u043e\u0433\u043e \u0443\u0441\u0442\u0440\u043e\u0439\u0441\u0442\u0432\u0430 \u0432\u043e \u0432\u0440\u0435\u043c\u044f \u0437\u0430\u043f\u0443\u0441\u043a\u0430 \u0440\u0430\u0437\u043d\u043e\u043e\u0431\u0440\u0430\u0437\u043d\u044b\u0445 \u043f\u0440\u043e\u0433\u0440\u0430\u043c\u043c. \u0421\u043c\u0430\u0440\u0442\u0444\u043e\u043d Apple MT532RU/A iPhone XSM 256GB Gl \u0441 \u043f\u043e\u0434\u0434\u0435\u0440\u0436\u043a\u043e\u0439 Nano-SIM-\u043a\u0430\u0440\u0442\u044b \u0444\u0443\u043d\u043a\u0446\u0438\u043e\u043d\u0438\u0440\u0443\u0435\u0442 \u043d\u0430 \u0431\u0430\u0437\u0435 \u041e\u0421 iOS 12 \u0438 \u043e\u0441\u043d\u0430\u0449\u0435\u043d \u0441\u043f\u0435\u0446\u0438\u0430\u043b\u044c\u043d\u044b\u043c \u0441\u0435\u043d\u0441\u043e\u0440\u043e\u043c \u0440\u0430\u0441\u043f\u043e\u0437\u043d\u0430\u0432\u0430\u043d\u0438\u044f \u043b\u0438\u0446\u0430.", "image_product": "images_products/iphone-x-s-max-2.jpg", "price_product": 64000, "category": 7, "is_new": false, "is_discount": false, "is_popular": false, "is_exclusive": false, "is_active": true}}, {"model": "mainapp.products", "pk": 28, "fields": {"name_product": "\u0421\u043c\u0430\u0440\u0442\u0444\u043e\u043d Apple iPhone XS 64 \u0413\u0431, \u0441\u0435\u0440\u044b\u0439", "description_product": "\u041f\u0440\u043e\u0438\u0437\u0432\u043e\u0434\u0438\u0442\u0435\u043b\u044c\u043d\u044b\u0439 \u0448\u0435\u0441\u0442\u0438\u044f\u0434\u0435\u0440\u043d\u044b\u0439 \u043f\u0440\u043e\u0446\u0435\u0441\u0441\u043e\u0440 A12 Bionic \u043e\u0431\u0435\u0441\u043f\u0435\u0447\u0438\u0432\u0430\u0435\u0442 \u0432\u044b\u0441\u043e\u043a\u0443\u044e \u0441\u043a\u043e\u0440\u043e\u0441\u0442\u044c \u0440\u0430\u0431\u043e\u0442\u044b \u043c\u043e\u0431\u0438\u043b\u044c\u043d\u043e\u0433\u043e \u0443\u0441\u0442\u0440\u043e\u0439\u0441\u0442\u0432\u0430 \u0432\u043e \u0432\u0440\u0435\u043c\u044f \u0437\u0430\u043f\u0443\u0441\u043a\u0430 \u0440\u0430\u0437\u043d\u043e\u043e\u0431\u0440\u0430\u0437\u043d\u044b\u0445 \u043f\u0440\u043e\u0433\u0440\u0430\u043c\u043c. \u0421\u043c\u0430\u0440\u0442\u0444\u043e\u043d Apple MT532RU/A iPhone XSM 256GB Gl \u0441 \u043f\u043e\u0434\u0434\u0435\u0440\u0436\u043a\u043e\u0439 Nano-SIM-\u043a\u0430\u0440\u0442\u044b \u0444\u0443\u043d\u043a\u0446\u0438\u043e\u043d\u0438\u0440\u0443\u0435\u0442 \u043d\u0430 \u0431\u0430\u0437\u0435 \u041e\u0421 iOS 12 \u0438 \u043e\u0441\u043d\u0430\u0449\u0435\u043d \u0441\u043f\u0435\u0446\u0438\u0430\u043b\u044c\u043d\u044b\u043c \u0441\u0435\u043d\u0441\u043e\u0440\u043e\u043c \u0440\u0430\u0441\u043f\u043e\u0437\u043d\u0430\u0432\u0430\u043d\u0438\u044f \u043b\u0438\u0446\u0430.", "image_product": "images_products/9b7b453315fa3f54381b38a2976b5413.jpg", "price_product": 64900, "category": 7, "is_new": false, "is_discount": false, "is_popular": false, "is_exclusive": false, "is_active": true}}, {"model": "mainapp.products", "pk": 29, "fields": {"name_product": "lkjlkj", "description_product": "lkjlkj", "image_product": "images_products/no_image.jpg", "price_product": 645, "category": 3, "is_new": false, "is_discount": false, "is_popular": false, "is_exclusive": false, "is_active": false}}, {"model": "mainapp.infopages", "pk": 1, "fields": {"name_page": "\u041a\u043e\u043d\u0442\u0430\u043a\u0442\u044b", "header_page": "\u041a\u043e\u043d\u0442\u0430\u043a\u0442\u044b \u043c\u0430\u0433\u0430\u0437\u0438\u043d\u0430", "content_page": "<div class=\"address_3_blocks padding_site\">\r\n                <div class=\"address_3_blocks_block\">\r\n                    <i class=\"fas fa-map-marker-alt\"></i>\r\n                    <p class=\"address_3_blocks_block_state\">\u0433. \u041c\u043e\u0441\u043a\u0432\u0430</p>\r\n                    <p class=\"address_3_blocks_block_title\">\u0410\u0434\u0440\u0435\u0441:</p>\r\n                    <p class=\"address_3_blocks_block_p\">\u0421\u0435\u0432\u0430\u0441\u0442\u043e\u043f\u043e\u043b\u044c\u0441\u043a\u0438\u0439 \u043f\u0440-\u043a\u0442, \u0434. 29</p>\r\n                    <p class=\"address_3_blocks_block_title\">\u0422\u0435\u043b\u0435\u0444\u043e\u043d:</p>\r\n                    <p class=\"address_3_blocks_block_p\">+7(495) 123-45-67</p>\r\n                    <p class=\"address_3_blocks_block_title\">\u042d\u043b. \u043f\u043e\u0447\u0442\u0430:</p>\r\n                    <p class=\"address_3_blocks_block_p\"><a class=\"address_3_blocks_block_email_a\" href=\"mailto:info@myphone.ru\" title=\"\u041d\u0430\u043f\u0438\u0441\u0430\u0442\u044c \u043f\u0438\u0441\u044c\u043c\u043e\">info@myphone.ru</a></p>\r\n                </div>\r\n                <div class=\"address_3_blocks_block\">\r\n                    <i class=\"fas fa-map-marker-alt\"></i>\r\n                    <p class=\"address_3_blocks_block_state\">\u0433. \u0422\u0432\u0435\u0440\u044c</p>\r\n                    <p class=\"address_3_blocks_block_title\">\u0410\u0434\u0440\u0435\u0441:</p>\r\n                    <p class=\"address_3_blocks_block_p\">\u0443\u043b. \u0422\u043e\u043b\u0441\u0442\u043e\u0433\u043e, \u0434. 2</p>\r\n                    <p class=\"address_3_blocks_block_title\">\u0422\u0435\u043b\u0435\u0444\u043e\u043d:</p>\r\n                    <p class=\"address_3_blocks_block_p\">+7(563) 567-48-59</p>\r\n                    <p class=\"address_3_blocks_block_title\">\u042d\u043b. \u043f\u043e\u0447\u0442\u0430:</p>\r\n                    <p class=\"address_3_blocks_block_p\"><a class=\"address_3_blocks_block_email_a\" href=\"mailto:info-tverj@myphone.ru\" title=\"\u041d\u0430\u043f\u0438\u0441\u0430\u0442\u044c \u043f\u0438\u0441\u044c\u043c\u043e\">info-tverj@myphone.ru</a></p>\r\n                </div>\r\n                <div class=\"address_3_blocks_block\">\r\n                    <i class=\"fas fa-map-marker-alt\"></i>\r\n                    <p class=\"address_3_blocks_block_state\">\u0433. \u0422\u0443\u043b\u0430</p>\r\n                    <p class=\"address_3_blocks_block_title\">\u0410\u0434\u0440\u0435\u0441:</p>\r\n                    <p class=\"address_3_blocks_block_p\">\u0422\u0443\u043b\u044c\u0441\u043a\u043e\u0435 \u0448\u043e\u0441\u0441\u0435, \u0434. 3</p>\r\n                    <p class=\"address_3_blocks_block_title\">\u0422\u0435\u043b\u0435\u0444\u043e\u043d:</p>\r\n                    <p class=\"address_3_blocks_block_p\">+7(978) 645-87-65</p>\r\n                    <p class=\"address_3_blocks_block_title\">\u042d\u043b. \u043f\u043e\u0447\u0442\u0430:</p>\r\n                    <p class=\"address_3_blocks_block_p\"><a class=\"address_3_blocks_block_email_a\" href=\"mailto:info-tula@myphone.ru\" title=\"\u041d\u0430\u043f\u0438\u0441\u0430\u0442\u044c \u043f\u0438\u0441\u044c\u043c\u043e\">info-tula@myphone.ru</a></p>\r\n                </div>\r\n            </div>", "show_in_main_menu": true, "order_in_menu": 3}}, {"model": "mainapp.infopages", "pk": 2, "fields": {"name_page": "\u0414\u043e\u0441\u0442\u0430\u0432\u043a\u0430", "header_page": "\u0418\u043d\u0444\u043e\u0440\u043c\u0430\u0446\u0438\u044f \u043e \u0434\u043e\u0441\u0442\u0430\u0432\u043a\u0435 \u0437\u0430\u043a\u0430\u0437\u043e\u0432", "content_page": "<div class=\"content_info_page padding_site\">\r\n<p style=\"font-weight: bold;\">\u0421\u0430\u043c\u043e\u0432\u044b\u0432\u043e\u0437</p>\r\n<p>\u0421\u0430\u043c\u043e\u0432\u044b\u0432\u043e\u0437 - \u044d\u0442\u043e \u0442\u0430\u043a\u043e\u0439  \u0441\u043f\u043e\u0441\u043e\u0431 \u043f\u043e\u043b\u0443\u0447\u0435\u043d\u0438\u044f \u0437\u0430\u043a\u0430\u0437\u0430 \u0438\u0437 \u0438\u043d\u0442\u0435\u0440\u043d\u0435\u0442-\u043c\u0430\u0433\u0430\u0437\u0438\u043d\u0430, \u043f\u0440\u0438 \u043a\u043e\u0442\u043e\u0440\u043e\u043c \u043f\u043e\u043a\u0443\u043f\u0430\u0442\u0435\u043b\u044c \u0437\u0430\u0431\u0438\u0440\u0430\u0435\u0442 \u0442\u043e\u0432\u0430\u0440  \u043d\u0435\u043f\u043e\u0441\u0440\u0435\u0434\u0441\u0442\u0432\u0435\u043d\u043d\u043e  \u0432 \u043e\u0444\u0438\u0441\u0435 \u0438\u043d\u0442\u0435\u0440\u043d\u0435\u0442-\u043c\u0430\u0433\u0430\u0437\u0438\u043d\u0430, \u043d\u0430 \u0441\u043a\u043b\u0430\u0434\u0435 \u0438\u043b\u0438 \u0432 \u043e\u043f\u0440\u0435\u0434\u0435\u043b\u0435\u043d\u043d\u043e\u043c \u043f\u0443\u043d\u043a\u0442\u0435 \u0432\u044b\u0434\u0430\u0447\u0438 \u0437\u0430\u043a\u0430\u0437\u043e\u0432.</p>\r\n\r\n<p style=\"font-weight: bold;\">\u0411\u0435\u0441\u043f\u043b\u0430\u0442\u043d\u0430\u044f \u0434\u043e\u0441\u0442\u0430\u0432\u043a\u0430</p>\r\n<p>\u0411\u0435\u0441\u043f\u043b\u0430\u0442\u043d\u0430\u044f \u0434\u043e\u0441\u0442\u0430\u0432\u043a\u0430 \u0432 \u043d\u0430\u0441\u0442\u043e\u044f\u0449\u0435\u0435 \u0432\u0440\u0435\u043c\u044f \u0432\u0435\u0441\u044c\u043c\u0430 \u0440\u0430\u0441\u043f\u0440\u043e\u0441\u0442\u0440\u0430\u043d\u0435\u043d\u0430 \u0432 \u043a\u0430\u0447\u0435\u0441\u0442\u0432\u0435 \u043d\u0435\u043a\u043e\u0442\u043e\u0440\u043e\u0433\u043e \u043c\u0430\u0440\u043a\u0435\u0442\u0438\u043d\u0433\u043e\u0432\u043e\u0433\u043e \u0445\u043e\u0434\u0430 \u0434\u043b\u044f \u0443\u0432\u0435\u043b\u0438\u0447\u0435\u043d\u0438\u044f \u043f\u0440\u043e\u0434\u0430\u0436. \u0414\u043b\u044f \u043d\u0435\u043a\u043e\u0442\u043e\u0440\u044b\u0445 \u043f\u0440\u043e\u0434\u0430\u0432\u0446\u043e\u0432 \u0431\u0435\u0441\u043f\u043b\u0430\u0442\u043d\u0430\u044f \u0434\u043e\u0441\u0442\u0430\u0432\u043a\u0430 \u2014 \u043d\u0435\u043e\u0431\u0445\u043e\u0434\u0438\u043c\u043e\u0441\u0442\u044c, \u043a\u043e\u043d\u043a\u0443\u0440\u0435\u043d\u0442\u043d\u043e\u0435 \u043f\u0440\u0435\u0438\u043c\u0443\u0449\u0435\u0441\u0442\u0432\u043e.</p>\r\n\r\n<p style=\"font-weight: bold;\">\u0424\u0438\u043a\u0441\u0438\u0440\u043e\u0432\u0430\u043d\u043d\u0430\u044f \u0441\u0442\u043e\u0438\u043c\u043e\u0441\u0442\u044c \u0434\u043e\u0441\u0442\u0430\u0432\u043a\u0438</p>\r\n<p>\u0414\u0430\u043d\u043d\u044b\u0439 \u0441\u043f\u043e\u0441\u043e\u0431 \u0434\u043e\u0441\u0442\u0430\u0432\u043a\u0438 \u0434\u0430\u0435\u0442 \u043f\u0440\u0430\u043a\u0442\u0438\u0447\u0435\u0441\u043a\u0438 \u0442\u0435 \u0436\u0435 \u043f\u0440\u0435\u0438\u043c\u0443\u0449\u0435\u0441\u0442\u0432\u0430, \u0447\u0442\u043e \u0438 \u0431\u0435\u0441\u043f\u043b\u0430\u0442\u043d\u0430\u044f \u0434\u043e\u0441\u0442\u0430\u0432\u043a\u0430. \u041f\u043e\u043a\u0443\u043f\u0430\u0442\u0435\u043b\u044c \u0442\u043e\u0447\u043d\u043e \u0437\u043d\u0430\u0435\u0442, \u0441\u043a\u043e\u043b\u044c\u043a\u043e \u0435\u043c\u0443 \u043f\u0440\u0438\u0434\u0435\u0442\u0441\u044f \u043f\u043b\u0430\u0442\u0438\u0442\u044c \u0437\u0430 \u0434\u043e\u0441\u0442\u0430\u0432\u043a\u0443, \u0435\u043c\u0443 \u043d\u0435 \u043d\u0443\u0436\u043d\u043e \u0440\u0430\u0437\u0431\u0438\u0440\u0430\u0442\u044c\u0441\u044f \u0432 \u0443\u0441\u043b\u043e\u0432\u0438\u044f\u0445 \u0434\u043e\u0441\u0442\u0430\u0432\u043a\u0438.</p>\r\n\r\n<p style=\"font-weight: bold;\">\u0414\u043e\u0441\u0442\u0430\u0432\u043a\u0430 \u0432 \u0437\u0430\u0432\u0438\u0441\u0438\u043c\u043e\u0441\u0442\u0438 \u043e\u0442 \u0432\u0435\u0441\u0430</p>\r\n<p>\u0427\u0430\u0441\u0442\u043e \u0432\u043e\u0437\u043d\u0438\u043a\u0430\u0435\u0442 \u043f\u043e\u0442\u0440\u0435\u0431\u043d\u043e\u0441\u0442\u044c \u0432\u043d\u0435\u0441\u0442\u0438 \u0432 \u0434\u043e\u0441\u0442\u0430\u0432\u043a\u0443 \u0442\u043e\u0432\u0430\u0440\u043e\u0432 \u043a\u0440\u0438\u0442\u0435\u0440\u0438\u0438 \u0441\u0442\u043e\u0438\u043c\u043e\u0441\u0442\u0438 \u0434\u043e\u0441\u0442\u0430\u0432\u043a\u0438 \u0432 \u0437\u0430\u0432\u0438\u0441\u0438\u043c\u043e\u0441\u0442\u0438 \u043e\u0442 \u0432\u0435\u0441\u0430 \u0442\u043e\u0432\u0430\u0440\u0430. \u0414\u043b\u044f \u044d\u0442\u043e\u0433\u043e \u0432 \u043f\u0430\u043d\u0435\u043b\u0438 \u0430\u0434\u043c\u0438\u043d\u0438\u0441\u0442\u0440\u0438\u0440\u043e\u0432\u0430\u043d\u0438\u044f \u043c\u043e\u0436\u043d\u043e \u0434\u043e\u0431\u0430\u0432\u0438\u0442\u044c \u043d\u043e\u0432\u044b\u0439 \u043c\u0435\u0442\u043e\u0434. \u0412 \u044d\u0442\u043e\u043c \u0441\u043b\u0443\u0447\u0430\u0435 \u0444\u043e\u0440\u043c\u0438\u0440\u043e\u0432\u0430\u043d\u0438\u0435 \u0446\u0435\u043d \u043d\u0430 \u0434\u043e\u0441\u0442\u0430\u0432\u043a\u0443 \u0431\u0443\u0434\u0435\u0442 \u0438\u0441\u0445\u043e\u0434\u0438\u0442\u044c \u0438\u0437 \u043e\u0431\u0449\u0435\u0433\u043e \u0432\u0435\u0441\u0430 \u0437\u0430\u043a\u0430\u0437\u0430.</p>\r\n<p>\u041d\u0430\u043f\u0440\u0438\u043c\u0435\u0440, \u0412\u044b \u043c\u043e\u0436\u0435\u0442\u0435 \u043e\u043f\u0440\u0435\u0434\u0435\u043b\u0438\u0442\u044c \u0441\u0442\u043e\u0438\u043c\u043e\u0441\u0442\u044c \u0434\u043e\u0441\u0442\u0430\u0432\u043a\u0438 \u0432 \u0440\u0430\u0437\u043c\u0435\u0440\u0435 300 \u0440\u0443\u0431. \u0437\u0430 \u043b\u044e\u0431\u043e\u0439 \u0437\u0430\u043a\u0430\u0437 \u0432\u0435\u0441\u043e\u043c \u043e\u0442 2 \u0434\u043e 3 \u043a\u0433. \u041e\u0434\u043d\u0430\u043a\u043e \u043f\u0435\u0440\u0435\u0434 \u0442\u0435\u043c, \u043a\u0430\u043a \u043f\u0440\u0438\u043d\u044f\u0442\u044c \u0440\u0435\u0448\u0435\u043d\u0438\u0435 \u043e\u0431 \u0438\u0441\u043f\u043e\u043b\u044c\u0437\u043e\u0432\u0430\u043d\u0438\u0438 \u0438\u043c\u0435\u043d\u043d\u043e \u044d\u0442\u043e\u0439 \u0441\u0442\u0440\u0430\u0442\u0435\u0433\u0438\u0438, \u0441\u0442\u043e\u0438\u0442 \u0443\u0431\u0435\u0434\u0438\u0442\u044c\u0441\u044f, \u0447\u0442\u043e \u0441\u0442\u043e\u0438\u043c\u043e\u0441\u0442\u044c \u0434\u043e\u0441\u0442\u0430\u0432\u043a\u0438 \u043b\u044e\u0431\u043e\u0433\u043e \u0442\u043e\u0432\u0430\u0440\u043d\u043e\u0439 \u043f\u043e\u0437\u0438\u0446\u0438\u0438 \u0437\u0430\u0432\u0438\u0441\u0438\u0442 \u043e\u0442 \u0435\u0433\u043e \u0432\u0435\u0441\u0430.</p>\r\n</div>", "show_in_main_menu": false, "order_in_menu": 2}}, {"model": "mainapp.infopages", "pk": 3, "fields": {"name_page": "\u041e\u043f\u043b\u0430\u0442\u0430", "header_page": "\u0421\u043f\u043e\u0441\u043e\u0431\u044b \u043e\u043f\u043b\u0430\u0442\u044b \u0437\u0430\u043a\u0430\u0437\u0430", "content_page": "<div class=\"content_info_page padding_site\">\r\n<p style=\"font-weight: bold;\">\u041e\u043f\u043b\u0430\u0442\u0430 \u0437\u0430\u043a\u0430\u0437\u0430 \u043d\u0430\u043b\u0438\u0447\u043d\u044b\u043c\u0438 \u0432\u043e\u0434\u0438\u0442\u0435\u043b\u044e</p>\r\n<p>\u0414\u043b\u044f \u043e\u043f\u043b\u0430\u0442\u044b \u0437\u0430\u043a\u0430\u0437\u0430 \u043d\u0430\u043b\u0438\u0447\u043d\u044b\u043c\u0438 \u0443\u043a\u0430\u0436\u0438\u0442\u0435 \u0441\u043f\u043e\u0441\u043e\u0431 \u043e\u043f\u043b\u0430\u0442\u044b \u00ab\u041d\u0430\u043b\u0438\u0447\u043d\u044b\u043c\u0438 \u0432\u043e\u0434\u0438\u0442\u0435\u043b\u044e\u00bb. \u0412\u0441\u0435 \u0440\u0430\u0441\u0447\u0435\u0442\u043d\u044b\u0435 \u0434\u043e\u043a\u0443\u043c\u0435\u043d\u0442\u044b \u0432\u043e\u0434\u0438\u0442\u0435\u043b\u044c \u0432\u0440\u0443\u0447\u0438\u0442 \u0432\u0430\u043c \u0432\u043c\u0435\u0441\u0442\u0435 \u0441 \u0437\u0430\u043a\u0430\u0437\u043e\u043c. \u041e\u043f\u043b\u0430\u0442\u0430 \u043f\u0440\u0438\u043d\u0438\u043c\u0430\u0435\u0442\u0441\u044f \u0432 \u0440\u043e\u0441\u0441\u0438\u0439\u0441\u043a\u0438\u0445 \u0440\u0443\u0431\u043b\u044f\u0445 \u0432 \u0441\u043e\u043e\u0442\u0432\u0435\u0442\u0441\u0442\u0432\u0438\u0438 \u0441 \u0446\u0435\u043d\u043e\u0439, \u0443\u043a\u0430\u0437\u0430\u043d\u043d\u043e\u0439 \u0432 \u043a\u0430\u0441\u0441\u043e\u0432\u043e\u043c \u0438 \u0442\u043e\u0432\u0430\u0440\u043d\u043e\u043c \u0447\u0435\u043a\u0430\u0445.</p>\r\n\r\n<p style=\"font-weight: bold;\">\u041e\u043f\u043b\u0430\u0442\u0430 \u0437\u0430\u043a\u0430\u0437\u0430 \u0431\u0430\u043d\u043a\u043e\u0432\u0441\u043a\u043e\u0439 \u043a\u0430\u0440\u0442\u043e\u0439 \u0432\u043e\u0434\u0438\u0442\u0435\u043b\u044e</p>\r\n<p>\u0421\u043f\u043e\u0441\u043e\u0431 \u043e\u043f\u043b\u0430\u0442\u044b \u0434\u043e\u0441\u0442\u0443\u043f\u0435\u043d \u0442\u043e\u043b\u044c\u043a\u043e \u0432 \u041a\u0430\u043b\u0438\u043d\u0438\u043d\u0433\u0440\u0430\u0434\u0441\u043a\u043e\u0439 \u043e\u0431\u043b\u0430\u0441\u0442\u0438. \u0414\u043b\u044f \u043e\u043f\u043b\u0430\u0442\u044b \u0437\u0430\u043a\u0430\u0437\u0430 \u0431\u0430\u043d\u043a\u043e\u0432\u0441\u043a\u043e\u0439 \u043a\u0430\u0440\u0442\u043e\u0439 \u0432\u043e\u0434\u0438\u0442\u0435\u043b\u044e \u0432\u044b\u0431\u0435\u0440\u0435\u0442\u0435 \u0441\u043f\u043e\u0441\u043e\u0431 \u043e\u043f\u043b\u0430\u0442\u044b \u00ab\u0411\u0430\u043d\u043a\u043e\u0432\u0441\u043a\u043e\u0439 \u043a\u0430\u0440\u0442\u043e\u0439 \u0432\u043e\u0434\u0438\u0442\u0435\u043b\u044e\u00bb. \u0412\u044b \u0441\u043c\u043e\u0436\u0435\u0442\u0435 \u0440\u0430\u0441\u0441\u0447\u0438\u0442\u0430\u0442\u044c\u0441\u044f \u0441 \u043a\u0443\u0440\u044c\u0435\u0440\u043e\u043c \u0431\u0430\u043d\u043a\u043e\u0432\u0441\u043a\u043e\u0439 \u043a\u0430\u0440\u0442\u043e\u0439 \u0447\u0435\u0440\u0435\u0437 POS-\u0442\u0435\u0440\u043c\u0438\u043d\u0430\u043b \u0432 \u043c\u043e\u043c\u0435\u043d\u0442 \u043f\u043e\u043b\u0443\u0447\u0435\u043d\u0438\u044f \u0442\u043e\u0432\u0430\u0440\u0430. \u0412\u0441\u0435 \u0440\u0430\u0441\u0447\u0451\u0442\u043d\u044b\u0435 \u0434\u043e\u043a\u0443\u043c\u0435\u043d\u0442\u044b \u0432\u043e\u0434\u0438\u0442\u0435\u043b\u044c \u0432\u0440\u0443\u0447\u0438\u0442 \u0432\u0430\u043c \u0432\u043c\u0435\u0441\u0442\u0435 \u0441 \u0437\u0430\u043a\u0430\u0437\u043e\u043c. \u041e\u043f\u043b\u0430\u0442\u0430 \u043f\u0440\u0438\u043d\u0438\u043c\u0430\u0435\u0442\u0441\u044f \u0432 \u0440\u043e\u0441\u0441\u0438\u0439\u0441\u043a\u0438\u0445 \u0440\u0443\u0431\u043b\u044f\u0445 \u0432 \u0441\u043e\u043e\u0442\u0432\u0435\u0442\u0441\u0442\u0432\u0438\u0438 \u0441 \u0446\u0435\u043d\u043e\u0439, \u0443\u043a\u0430\u0437\u0430\u043d\u043d\u043e\u0439 \u0432 \u0442\u043e\u0432\u0430\u0440\u043d\u043e\u043c \u0447\u0435\u043a\u0435.</p>\r\n\r\n<p style=\"font-weight: bold;\">\u041d\u0430\u043b\u0438\u0447\u043d\u044b\u043c\u0438 \u043f\u0440\u0438 \u043f\u043e\u043b\u0443\u0447\u0435\u043d\u0438\u0438 \u0432 \u043f\u0443\u043d\u043a\u0442\u0435 \u0432\u044b\u0434\u0430\u0447\u0438</p>\r\n<p>\u0414\u043b\u044f \u043e\u043f\u043b\u0430\u0442\u044b \u0437\u0430\u043a\u0430\u0437\u0430 \u0432 \u043f\u0443\u043d\u043a\u0442\u0435 \u0432\u044b\u0434\u0430\u0447\u0438 \u0432\u044b\u0431\u0435\u0440\u0435\u0442\u0435 \u0441\u043f\u043e\u0441\u043e\u0431 \u043e\u043f\u043b\u0430\u0442\u044b \u00ab\u041d\u0430\u043b\u0438\u0447\u043d\u044b\u043c\u0438 \u0432 \u043f\u0443\u043d\u043a\u0442\u0435 \u0432\u044b\u0434\u0430\u0447\u0438\u00bb. \u0414\u0430\u043d\u043d\u044b\u0439 \u0441\u043f\u043e\u0441\u043e\u0431 \u043e\u043f\u043b\u0430\u0442\u044b \u0434\u043e\u0441\u0442\u0443\u043f\u0435\u043d \u0444\u0438\u0437\u0438\u0447\u0435\u0441\u043a\u0438\u043c \u0438 \u044e\u0440\u0438\u0434\u0438\u0447\u0435\u0441\u043a\u0438\u043c \u043b\u0438\u0446\u0430\u043c \u0441 \u043a\u0430\u0440\u0442\u043e\u0439 \u00ab\u041f\u0440\u043e\u0444\u0438\u00bb. \u0412\u0441\u0435 \u0440\u0430\u0441\u0447\u0451\u0442\u043d\u044b\u0435 \u0434\u043e\u043a\u0443\u043c\u0435\u043d\u0442\u044b \u0432\u044b \u043f\u043e\u043b\u0443\u0447\u0438\u0442\u0435 \u0432\u043c\u0435\u0441\u0442\u0435 \u0441 \u0437\u0430\u043a\u0430\u0437\u043e\u043c. \u041e\u043f\u043b\u0430\u0442\u0430 \u043f\u0440\u0438\u043d\u0438\u043c\u0430\u0435\u0442\u0441\u044f \u0432 \u0440\u043e\u0441\u0441\u0438\u0439\u0441\u043a\u0438\u0445 \u0440\u0443\u0431\u043b\u044f\u0445 \u0432 \u0441\u043e\u043e\u0442\u0432\u0435\u0442\u0441\u0442\u0432\u0438\u0438 \u0441 \u0446\u0435\u043d\u043e\u0439, \u0443\u043a\u0430\u0437\u0430\u043d\u043d\u043e\u0439 \u0432 \u043a\u0430\u0441\u0441\u043e\u0432\u043e\u043c \u0438 \u0442\u043e\u0432\u0430\u0440\u043d\u043e\u043c \u0447\u0435\u043a\u0430\u0445.</p>\r\n\r\n<p style=\"font-weight: bold;\">\u041e\u043d\u043b\u0430\u0439\u043d-\u043e\u043f\u043b\u0430\u0442\u0430 \u0437\u0430\u043a\u0430\u0437\u0430 \u0431\u0430\u043d\u043a\u043e\u0432\u0441\u043a\u043e\u0439 \u043a\u0430\u0440\u0442\u043e\u0439</p>\r\n<p>\u0414\u043b\u044f \u043e\u043f\u043b\u0430\u0442\u044b (\u0432\u0432\u043e\u0434\u0430 \u0440\u0435\u043a\u0432\u0438\u0437\u0438\u0442\u043e\u0432 \u0412\u0430\u0448\u0435\u0439 \u043a\u0430\u0440\u0442\u044b) \u0412\u044b \u0431\u0443\u0434\u0435\u0442\u0435 \u043f\u0435\u0440\u0435\u043d\u0430\u043f\u0440\u0430\u0432\u043b\u0435\u043d\u044b \u043d\u0430 \u043f\u043b\u0430\u0442\u0435\u0436\u043d\u044b\u0439 \u0448\u043b\u044e\u0437 \u041f\u0410\u041e \u0421\u0411\u0415\u0420\u0411\u0410\u041d\u041a. \u0421\u043e\u0435\u0434\u0438\u043d\u0435\u043d\u0438\u0435 \u0441 \u043f\u043b\u0430\u0442\u0435\u0436\u043d\u044b\u043c \u0448\u043b\u044e\u0437\u043e\u043c \u0438 \u043f\u0435\u0440\u0435\u0434\u0430\u0447\u0430 \u0438\u043d\u0444\u043e\u0440\u043c\u0430\u0446\u0438\u0438 \u043e\u0441\u0443\u0449\u0435\u0441\u0442\u0432\u043b\u044f\u0435\u0442\u0441\u044f \u0432 \u0437\u0430\u0449\u0438\u0449\u0435\u043d\u043d\u043e\u043c \u0440\u0435\u0436\u0438\u043c\u0435 \u0441 \u0438\u0441\u043f\u043e\u043b\u044c\u0437\u043e\u0432\u0430\u043d\u0438\u0435\u043c \u043f\u0440\u043e\u0442\u043e\u043a\u043e\u043b\u0430 \u0448\u0438\u0444\u0440\u043e\u0432\u0430\u043d\u0438\u044f SSL.</p>\r\n</div>", "show_in_main_menu": true, "order_in_menu": 1}}, {"model": "mainapp.infopages", "pk": 4, "fields": {"name_page": "\u0413\u0430\u0440\u0430\u043d\u0442\u0438\u044f", "header_page": "\u0413\u0430\u0440\u0430\u043d\u0442\u0438\u044f \u043d\u0430 \u0442\u043e\u0432\u0430\u0440\u044b", "content_page": "<div class=\"content_info_page padding_site\">\r\n<p style=\"font-weight: bold;\">\u0427\u0442\u043e \u0442\u0430\u043a\u043e\u0435 \u0433\u0430\u0440\u0430\u043d\u0442\u0438\u0439\u043d\u044b\u0439 \u0441\u0440\u043e\u043a?</p>\r\n<p>\u042d\u0442\u043e \u043f\u0435\u0440\u0438\u043e\u0434, \u043d\u0430 \u043f\u0440\u043e\u0442\u044f\u0436\u0435\u043d\u0438\u0438 \u043a\u043e\u0442\u043e\u0440\u043e\u0433\u043e \u043f\u0440\u043e\u0434\u0430\u0432\u0435\u0446 (\u043f\u0440\u043e\u0438\u0437\u0432\u043e\u0434\u0438\u0442\u0435\u043b\u044c) \u043e\u0431\u044f\u0437\u0430\u043d \u0443\u0434\u043e\u0432\u043b\u0435\u0442\u0432\u043e\u0440\u0438\u0442\u044c \u0437\u0430\u043a\u043e\u043d\u043d\u044b\u0435 \u0442\u0440\u0435\u0431\u043e\u0432\u0430\u043d\u0438\u044f \u043f\u043e\u0442\u0440\u0435\u0431\u0438\u0442\u0435\u043b\u044f \u043f\u043e \u043f\u0440\u0438\u043e\u0431\u0440\u0435\u0442\u0435\u043d\u043d\u043e\u043c\u0443 \u0438\u043c \u0442\u043e\u0432\u0430\u0440\u0443 \u043d\u0435\u043d\u0430\u0434\u043b\u0435\u0436\u0430\u0449\u0435\u0433\u043e \u043a\u0430\u0447\u0435\u0441\u0442\u0432\u0430. \u041c\u0430\u0433\u0430\u0437\u0438\u043d \u043d\u0435 \u0432\u043f\u0440\u0430\u0432\u0435 \u043e\u0442\u043a\u0430\u0437\u0430\u0442\u044c \u043a\u043b\u0438\u0435\u043d\u0442\u0443, \u0435\u0441\u043b\u0438 \u0442\u043e\u0442 \u0438\u0441\u043f\u043e\u043b\u044c\u0437\u043e\u0432\u0430\u043b \u043f\u0440\u043e\u0434\u0443\u043a\u0442 \u0432 \u0441\u043e\u043e\u0442\u0432\u0435\u0442\u0441\u0442\u0432\u0438\u0438 \u0441 \u0438\u043d\u0441\u0442\u0440\u0443\u043a\u0446\u0438\u0435\u0439, \u0430 \u0435\u0433\u043e \u043f\u043e\u043b\u043e\u043c\u043a\u0430 \u043e\u0431\u0443\u0441\u043b\u043e\u0432\u043b\u0435\u043d\u0430 \u0437\u0430\u0432\u043e\u0434\u0441\u043a\u0438\u043c \u0431\u0440\u0430\u043a\u043e\u043c.</p>\r\n\r\n<p style=\"font-weight: bold;\">\u0421\u0442\u0430\u0442\u044c\u044f 477 \u0413\u041a \u0420\u0424</p>\r\n<p>\u0413\u0430\u0440\u0430\u043d\u0442\u0438\u0439\u043d\u044b\u0439 \u0441\u0440\u043e\u043a \u0442\u043e\u0432\u0430\u0440\u0430 \u043d\u0430\u0447\u0438\u043d\u0430\u0435\u0442\u0441\u044f \u0441 \u043c\u043e\u043c\u0435\u043d\u0442\u0430 \u0435\u0433\u043e \u043f\u0440\u0438\u043e\u0431\u0440\u0435\u0442\u0435\u043d\u0438\u044f. \u0415\u0441\u043b\u0438 \u044d\u0442\u0430 \u0434\u0430\u0442\u0430 \u043d\u0435\u0438\u0437\u0432\u0435\u0441\u0442\u043d\u0430, \u0442\u043e \u0437\u0430 \u0442\u043e\u0447\u043a\u0443 \u043e\u0442\u0441\u0447\u0435\u0442\u0430 \u043f\u0440\u0438\u043d\u0438\u043c\u0430\u0435\u0442\u0441\u044f \u0434\u0435\u043d\u044c \u043f\u0440\u043e\u0438\u0437\u0432\u043e\u0434\u0441\u0442\u0432\u0430. \u0415\u0441\u043b\u0438 \u0434\u043b\u0438\u0442\u0435\u043b\u044c\u043d\u043e\u0441\u0442\u044c \u0433\u0430\u0440\u0430\u043d\u0442\u0438\u0438 \u043d\u0435 \u043e\u043f\u0440\u0435\u0434\u0435\u043b\u0435\u043d\u0430, \u0432 \u0441\u043e\u043e\u0442\u0432\u0435\u0442\u0441\u0442\u0432\u0438\u0438 \u0441\u043e \u0441\u0442. 477 \u0413\u041a \u0420\u0424 \u043e\u043d\u0430 \u043f\u0440\u0438\u043d\u0438\u043c\u0430\u0435\u0442\u0441\u044f \u0440\u0430\u0432\u043d\u043e\u0439 \u0434\u0432\u0443\u043c \u0433\u043e\u0434\u0430\u043c.</p>\r\n\r\n<p style=\"font-weight: bold;\">\u041a\u0435\u043c \u043e\u043f\u0440\u0435\u0434\u0435\u043b\u044f\u0435\u0442\u0441\u044f \u0433\u0430\u0440\u0430\u043d\u0442\u0438\u044f?</p>\r\n<p>\u0413\u0430\u0440\u0430\u043d\u0442\u0438\u0439\u043d\u044b\u0439 \u043f\u0435\u0440\u0438\u043e\u0434 \u043c\u043e\u0436\u0435\u0442 \u043e\u043f\u0440\u0435\u0434\u0435\u043b\u044f\u0442\u044c \u0444\u0438\u0440\u043c\u0430-\u0438\u0437\u0433\u043e\u0442\u043e\u0432\u0438\u0442\u0435\u043b\u044c \u0438 \u043f\u0440\u043e\u0434\u0430\u0432\u0435\u0446. \u0412\u0442\u043e\u0440\u043e\u0439 \u043d\u0435 \u0432\u043f\u0440\u0430\u0432\u0435 \u0441\u043e\u043a\u0440\u0430\u0442\u0438\u0442\u044c \u043f\u0435\u0440\u0438\u043e\u0434, \u043e\u0431\u043e\u0437\u043d\u0430\u0447\u0435\u043d\u043d\u044b\u0439 \u043f\u0435\u0440\u0432\u044b\u043c, \u043d\u043e \u043c\u043e\u0436\u0435\u0442 \u0435\u0433\u043e \u043f\u0440\u043e\u0434\u043b\u0438\u0442\u044c.</p>\r\n\r\n<p style=\"font-weight: bold;\">\u041e\u0431\u0441\u043b\u0443\u0436\u0438\u0432\u0430\u043d\u0438\u0435 \u043f\u043e\u0441\u043b\u0435 \u0438\u0441\u0442\u0435\u0447\u0435\u043d\u0438\u044f \u0441\u0440\u043e\u043a\u0430 \u0433\u0430\u0440\u0430\u043d\u0442\u0438\u0438</p>\r\n<p>\u041a\u043e\u0433\u0434\u0430 \u0441\u0440\u043e\u043a, \u043e\u043f\u0440\u0435\u0434\u0435\u043b\u0435\u043d\u043d\u044b\u0439 \u043f\u0440\u043e\u0438\u0437\u0432\u043e\u0434\u0438\u0442\u0435\u043b\u0435\u043c, \u0437\u0430\u043a\u0430\u043d\u0447\u0438\u0432\u0430\u0435\u0442\u0441\u044f, \u043e\u043d \u0441\u043d\u0438\u043c\u0430\u0435\u0442 \u0441 \u0441\u0435\u0431\u044f \u0432\u0441\u0435 \u043e\u0431\u044f\u0437\u0430\u043d\u043d\u043e\u0441\u0442\u0438 \u043f\u043e \u0431\u0435\u0441\u043f\u043b\u0430\u0442\u043d\u043e\u043c\u0443 \u0440\u0435\u043c\u043e\u043d\u0442\u0443 \u0438 \u0437\u0430\u043c\u0435\u043d\u0435. \u041e\u043d\u0438 \u043b\u043e\u0436\u0430\u0442\u0441\u044f \u043d\u0430 \u043f\u043b\u0435\u0447\u0438 \u043f\u0440\u043e\u0434\u0430\u0432\u0446\u0430, \u043f\u043e\u0442\u0440\u0435\u0431\u0438\u0442\u0435\u043b\u044c \u0434\u043e\u043b\u0436\u0435\u043d \u043e\u0431\u0440\u0430\u0449\u0430\u0442\u044c\u0441\u044f \u0441 \u0442\u0440\u0435\u0431\u043e\u0432\u0430\u043d\u0438\u044f\u043c\u0438 \u0438\u043c\u0435\u043d\u043d\u043e \u043a \u043d\u0435\u043c\u0443. \u042d\u0442\u0430 \u0441\u0438\u0442\u0443\u0430\u0446\u0438\u044f \u0432\u043e\u0437\u043d\u0438\u043a\u0430\u0435\u0442, \u0435\u0441\u043b\u0438 \u043f\u0440\u043e\u0434\u0443\u043a\u0442 \u0434\u043e\u043b\u0433\u043e \u0434\u043e\u0441\u0442\u0430\u0432\u043b\u044f\u043b\u0441\u044f, \u0445\u0440\u0430\u043d\u0438\u043b\u0441\u044f \u043d\u0430 \u0441\u043a\u043b\u0430\u0434\u0435, \u043d\u0435 \u043f\u0440\u043e\u0434\u0430\u0432\u0430\u043b\u0441\u044f.</p>\r\n</div>", "show_in_main_menu": false, "order_in_menu": 4}}, {"model": "mainapp.infopages", "pk": 5, "fields": {"name_page": "\u0423\u0441\u043b\u043e\u0432\u0438\u044f \u0432\u043e\u0437\u0432\u0440\u0430\u0442\u0430", "header_page": "\u0423\u0441\u043b\u043e\u0432\u0438\u044f \u0432\u043e\u0437\u0432\u0440\u0430\u0442\u0430", "content_page": "<div class=\"content_info_page padding_site\">\r\n<p style=\"font-weight: bold;\">\u0421\u0440\u043e\u043a \u043e\u0431\u043c\u0435\u043d\u0430</p>\r\n<p>\u041a\u043e\u0433\u0434\u0430 \u0432\u044b \u043f\u043e\u043a\u0443\u043f\u0430\u0435\u0442\u0435 \u0447\u0442\u043e-\u0442\u043e \u0432 \u043e\u0431\u044b\u0447\u043d\u043e\u043c \u043c\u0430\u0433\u0430\u0437\u0438\u043d\u0435, \u0430 \u043d\u0435 \u0437\u0430\u043a\u0430\u0437\u044b\u0432\u0430\u0435\u0442\u0435 \u0432 \u0438\u043d\u0442\u0435\u0440\u043d\u0435\u0442\u0435, \u0443 \u0432\u0430\u0441 \u0435\u0441\u0442\u044c 14 \u0434\u043d\u0435\u0439, \u0447\u0442\u043e\u0431\u044b \u043e\u0431\u043c\u0435\u043d\u044f\u0442\u044c \u0442\u043e\u0432\u0430\u0440 \u043d\u0430 \u0430\u043d\u0430\u043b\u043e\u0433\u0438\u0447\u043d\u044b\u0439, \u043d\u0430\u043f\u0440\u0438\u043c\u0435\u0440 \u0434\u0440\u0443\u0433\u043e\u0433\u043e \u0446\u0432\u0435\u0442\u0430, \u0440\u0430\u0437\u043c\u0435\u0440\u0430 \u0438\u043b\u0438 \u0444\u0430\u0441\u043e\u043d\u0430. \u0412 \u044d\u0442\u043e\u0442 \u0441\u0440\u043e\u043a \u0432\u0445\u043e\u0434\u044f\u0442 \u0432\u044b\u0445\u043e\u0434\u043d\u044b\u0435 \u0438 \u043f\u0440\u0430\u0437\u0434\u043d\u0438\u043a\u0438.</p>\r\n\r\n<p style=\"font-weight: bold;\">\u041a\u0430\u043a \u0432\u0435\u0440\u043d\u0443\u0442\u044c \u0434\u0435\u043d\u044c\u0433\u0438</p>\r\n<p>\u0415\u0441\u043b\u0438 \u0430\u043d\u0430\u043b\u043e\u0433\u0438\u0447\u043d\u043e\u0433\u043e \u0442\u043e\u0432\u0430\u0440\u0430 \u043d\u0435\u0442, \u043c\u0430\u0433\u0430\u0437\u0438\u043d \u043e\u0431\u044f\u0437\u0430\u043d \u0432\u0435\u0440\u043d\u0443\u0442\u044c \u0434\u0435\u043d\u044c\u0433\u0438. \u042d\u0442\u0438\u043c \u043c\u043e\u0436\u043d\u043e \u043f\u043e\u043b\u044c\u0437\u043e\u0432\u0430\u0442\u044c\u0441\u044f, \u0447\u0442\u043e\u0431\u044b \u043e\u0442\u043a\u0430\u0437\u0430\u0442\u044c\u0441\u044f \u043e\u0442 \u043f\u043e\u043a\u0443\u043f\u043a\u0438. \u0421\u043a\u0430\u0436\u0435\u043c, \u0432\u044b \u043a\u0443\u043f\u0438\u043b\u0438 \u0447\u0435\u0440\u043d\u044b\u0435 \u043a\u0440\u043e\u0441\u0441\u043e\u0432\u043a\u0438, \u0430 \u0447\u0435\u0440\u0435\u0437 \u043d\u0435\u0434\u0435\u043b\u044e \u0440\u0435\u0448\u0438\u043b\u0438, \u0447\u0442\u043e \u0437\u0440\u044f \u043f\u043e\u0442\u0440\u0430\u0442\u0438\u043b\u0438 \u0434\u0435\u043d\u044c\u0433\u0438: \u0443 \u0432\u0430\u0441 \u0443\u0436\u0435 \u0435\u0441\u0442\u044c \u0434\u0432\u0435 \u043f\u0430\u0440\u044b, \u043a \u0442\u043e\u043c\u0443 \u0436\u0435 \u043d\u043e\u0432\u044b\u0435 \u043d\u0435 \u043f\u043e\u0434\u0445\u043e\u0434\u044f\u0442 \u043a \u0434\u0436\u0438\u043d\u0441\u0430\u043c. \u0427\u0442\u043e\u0431\u044b \u0432\u0435\u0440\u043d\u0443\u0442\u044c \u043d\u0435\u043d\u0443\u0436\u043d\u0443\u044e \u043f\u043e\u043a\u0443\u043f\u043a\u0443, \u0441\u043d\u0430\u0447\u0430\u043b\u0430 \u043f\u043e\u043f\u0440\u043e\u0441\u0438\u0442\u0435 \u043f\u043e\u043c\u0435\u043d\u044f\u0442\u044c \u043a\u0440\u043e\u0441\u0441\u043e\u0432\u043a\u0438 \u043d\u0430 \u0430\u043d\u0430\u043b\u043e\u0433\u0438\u0447\u043d\u044b\u0439 \u0442\u043e\u0432\u0430\u0440, \u043a\u043e\u0442\u043e\u0440\u043e\u0433\u043e \u0443 \u043f\u0440\u043e\u0434\u0430\u0432\u0446\u0430 \u0442\u043e\u0447\u043d\u043e \u043d\u0435\u0442.</p>\r\n\r\n<p style=\"font-weight: bold;\">\u041f\u0440\u0438\u0447\u0438\u043d\u044b \u043e\u0431\u043c\u0435\u043d\u0430 \u0438 \u0432\u043e\u0437\u0432\u0440\u0430\u0442\u0430</p>\r\n<p>\u041e\u0431\u043c\u0435\u043d \u0440\u0430\u0431\u043e\u0442\u0430\u0435\u0442, \u0435\u0441\u043b\u0438 \u043f\u043e\u043a\u0443\u043f\u043a\u0430 \u043d\u0435 \u043f\u043e\u0434\u043e\u0448\u043b\u0430 \u043f\u043e \u0444\u043e\u0440\u043c\u0435, \u0433\u0430\u0431\u0430\u0440\u0438\u0442\u0430\u043c, \u0444\u0430\u0441\u043e\u043d\u0443, \u0440\u0430\u0441\u0446\u0432\u0435\u0442\u043a\u0435, \u0440\u0430\u0437\u043c\u0435\u0440\u0443 \u0438\u043b\u0438 \u043a\u043e\u043c\u043f\u043b\u0435\u043a\u0442\u0430\u0446\u0438\u0438. \u0421\u043f\u0438\u0441\u043e\u043a \u043f\u0440\u0438\u0447\u0438\u043d \u0434\u043b\u044f \u043e\u0431\u043c\u0435\u043d\u0430 \u0438\u043b\u0438 \u0432\u043e\u0437\u0432\u0440\u0430\u0442\u0430 \u0437\u0430\u043a\u0440\u044b\u0442\u044b\u0439 \u2014 \u0441\u0432\u043e\u0438 \u043f\u0440\u0438\u0434\u0443\u043c\u044b\u0432\u0430\u0442\u044c \u043d\u0435\u043b\u044c\u0437\u044f. \u0421\u043a\u0430\u0436\u0438\u0442\u0435 \u043f\u0440\u043e\u0434\u0430\u0432\u0446\u0443, \u0447\u0442\u043e \u0442\u043e\u0432\u0430\u0440 \u043d\u0435 \u043f\u043e\u0434\u043e\u0448\u0435\u043b \u043f\u043e \u0444\u043e\u0440\u043c\u0435, \u0433\u0430\u0431\u0430\u0440\u0438\u0442\u0430\u043c, \u0444\u0430\u0441\u043e\u043d\u0443, \u0440\u0430\u0441\u0446\u0432\u0435\u0442\u043a\u0435, \u0440\u0430\u0437\u043c\u0435\u0440\u0443 \u0438\u043b\u0438 \u043a\u043e\u043c\u043f\u043b\u0435\u043a\u0442\u0430\u0446\u0438\u0438. \u0427\u0442\u043e\u0431\u044b \u043f\u0440\u043e\u0434\u0430\u0432\u0435\u0446 \u043d\u0435 \u0441\u043c\u043e\u0433 \u043f\u0440\u0438\u0434\u0440\u0430\u0442\u044c\u0441\u044f \u043a \u0432\u0430\u0448\u0438\u043c \u0441\u043b\u043e\u0432\u0430\u043c, \u043f\u0440\u0438\u0447\u0438\u043d\u0430 \u0432\u043e\u0437\u0432\u0440\u0430\u0442\u0430 \u0434\u043e\u043b\u0436\u043d\u0430 \u0431\u044b\u0442\u044c \u0438\u0437 \u044d\u0442\u043e\u0433\u043e \u0441\u043f\u0438\u0441\u043a\u0430.</p>\r\n\r\n<p style=\"font-weight: bold;\">\u041a\u0443\u0434\u0430 \u0432\u043e\u0437\u0432\u0440\u0430\u0449\u0430\u0442\u044c</p>\r\n<p>\u041f\u043e\u043a\u0443\u043f\u043a\u0443 \u043e\u0431\u044f\u0437\u0430\u043d\u044b \u043f\u0440\u0438\u043d\u044f\u0442\u044c \u0432 \u043b\u044e\u0431\u043e\u043c \u043c\u0430\u0433\u0430\u0437\u0438\u043d\u0435 \u0441\u0435\u0442\u0438 \u2014 \u0433\u043b\u0430\u0432\u043d\u043e\u0435, \u0447\u0442\u043e\u0431\u044b \u044d\u0442\u043e \u0431\u044b\u043b \u043e\u0434\u0438\u043d \u0438 \u0442\u043e\u0442 \u0436\u0435 \u0441\u0443\u0431\u044a\u0435\u043a\u0442 \u043f\u0440\u0435\u0434\u043f\u0440\u0438\u043d\u0438\u043c\u0430\u0442\u0435\u043b\u044c\u0441\u0442\u0432\u0430. \u0422\u0430\u043a \u0431\u044b\u0432\u0430\u0435\u0442 \u043d\u0435 \u0432\u0441\u0435\u0433\u0434\u0430.</p>\r\n</div>", "show_in_main_menu": false, "order_in_menu": 6}}, {"model": "auth.permission", "pk": 1, "fields": {"name": "Can add log entry", "content_type": 1, "codename": "add_logentry"}}, {"model": "auth.permission", "pk": 2, "fields": {"name": "Can change log entry", "content_type": 1, "codename": "change_logentry"}}, {"model": "auth.permission", "pk": 3, "fields": {"name": "Can delete log entry", "content_type": 1, "codename": "delete_logentry"}}, {"model": "auth.permission", "pk": 4, "fields": {"name": "Can view log entry", "content_type": 1, "codename": "view_logentry"}}, {"model": "auth.permission", "pk": 5, "fields": {"name": "Can add permission", "content_type": 2, "codename": "add_permission"}}, {"model": "auth.permission", "pk": 6, "fields": {"name": "Can change permission", "content_type": 2, "codename": "change_permission"}}, {"model": "auth.permission", "pk": 7, "fields": {"name": "Can delete permission", "content_type": 2, "codename": "delete_permission"}}, {"model": "auth.permission", "pk": 8, "fields": {"name": "Can view permission", "content_type": 2, "codename": "view_permission"}}, {"model": "auth.permission", "pk": 9, "fields": {"name": "Can add group", "content_type": 3, "codename": "add_group"}}, {"model": "auth.permission", "pk": 10, "fields": {"name": "Can change group", "content_type": 3, "codename": "change_group"}}, {"model": "auth.permission", "pk": 11, "fields": {"name": "Can delete group", "content_type": 3, "codename": "delete_group"}}, {"model": "auth.permission", "pk": 12, "fields": {"name": "Can view group", "content_type": 3, "codename": "view_group"}}, {"model": "auth.permission", "pk": 13, "fields": {"name": "Can add content type", "content_type": 4, "codename": "add_contenttype"}}, {"model": "auth.permission", "pk": 14, "fields": {"name": "Can change content type", "content_type": 4, "codename": "change_contenttype"}}, {"model": "auth.permission", "pk": 15, "fields": {"name": "Can delete content type", "content_type": 4, "codename": "delete_contenttype"}}, {"model": "auth.permission", "pk": 16, "fields": {"name": "Can view content type", "content_type": 4, "codename": "view_contenttype"}}, {"model": "auth.permission", "pk": 17, "fields": {"name": "Can add session", "content_type": 5, "codename": "add_session"}}, {"model": "auth.permission", "pk": 18, "fields": {"name": "Can change session", "content_type": 5, "codename": "change_session"}}, {"model": "auth.permission", "pk": 19, "fields": {"name": "Can delete session", "content_type": 5, "codename": "delete_session"}}, {"model": "auth.permission", "pk": 20, "fields": {"name": "Can view session", "content_type": 5, "codename": "view_session"}}, {"model": "auth.permission", "pk": 21, "fields": {"name": "Can add categories", "content_type": 6, "codename": "add_categories"}}, {"model": "auth.permission", "pk": 22, "fields": {"name": "Can change categories", "content_type": 6, "codename": "change_categories"}}, {"model": "auth.permission", "pk": 23, "fields": {"name": "Can delete categories", "content_type": 6, "codename": "delete_categories"}}, {"model": "auth.permission", "pk": 24, "fields": {"name": "Can view categories", "content_type": 6, "codename": "view_categories"}}, {"model": "auth.permission", "pk": 25, "fields": {"name": "Can add products", "content_type": 7, "codename": "add_products"}}, {"model": "auth.permission", "pk": 26, "fields": {"name": "Can change products", "content_type": 7, "codename": "change_products"}}, {"model": "auth.permission", "pk": 27, "fields": {"name": "Can delete products", "content_type": 7, "codename": "delete_products"}}, {"model": "auth.permission", "pk": 28, "fields": {"name": "Can view products", "content_type": 7, "codename": "view_products"}}, {"model": "auth.permission", "pk": 29, "fields": {"name": "Can add user", "content_type": 8, "codename": "add_shopuser"}}, {"model": "auth.permission", "pk": 30, "fields": {"name": "Can change user", "content_type": 8, "codename": "change_shopuser"}}, {"model": "auth.permission", "pk": 31, "fields": {"name": "Can delete user", "content_type": 8, "codename": "delete_shopuser"}}, {"model": "auth.permission", "pk": 32, "fields": {"name": "Can view user", "content_type": 8, "codename": "view_shopuser"}}, {"model": "auth.permission", "pk": 33, "fields": {"name": "Can add basket", "content_type": 9, "codename": "add_basket"}}, {"model": "auth.permission", "pk": 34, "fields": {"name": "Can change basket", "content_type": 9, "codename": "change_basket"}}, {"model": "auth.permission", "pk": 35, "fields": {"name": "Can delete basket", "content_type": 9, "codename": "delete_basket"}}, {"model": "auth.permission", "pk": 36, "fields": {"name": "Can view basket", "content_type": 9, "codename": "view_basket"}}, {"model": "auth.permission", "pk": 37, "fields": {"name": "Can add info pages", "content_type": 10, "codename": "add_infopages"}}, {"model": "auth.permission", "pk": 38, "fields": {"name": "Can change info pages", "content_type": 10, "codename": "change_infopages"}}, {"model": "auth.permission", "pk": 39, "fields": {"name": "Can delete info pages", "content_type": 10, "codename": "delete_infopages"}}, {"model": "auth.permission", "pk": 40, "fields": {"name": "Can view info pages", "content_type": 10, "codename": "view_infopages"}}, {"model": "auth.permission", "pk": 41, "fields": {"name": "Can add association", "content_type": 11, "codename": "add_association"}}, {"model": "auth.permission", "pk": 42, "fields": {"name": "Can change association", "content_type": 11, "codename": "change_association"}}, {"model": "auth.permission", "pk": 43, "fields": {"name": "Can delete association", "content_type": 11, "codename": "delete_association"}}, {"model": "auth.permission", "pk": 44, "fields": {"name": "Can view association", "content_type": 11, "codename": "view_association"}}, {"model": "auth.permission", "pk": 45, "fields": {"name": "Can add code", "content_type": 12, "codename": "add_code"}}, {"model": "auth.permission", "pk": 46, "fields": {"name": "Can change code", "content_type": 12, "codename": "change_code"}}, {"model": "auth.permission", "pk": 47, "fields": {"name": "Can delete code", "content_type": 12, "codename": "delete_code"}}, {"model": "auth.permission", "pk": 48, "fields": {"name": "Can view code", "content_type": 12, "codename": "view_code"}}, {"model": "auth.permission", "pk": 49, "fields": {"name": "Can add nonce", "content_type": 13, "codename": "add_nonce"}}, {"model": "auth.permission", "pk": 50, "fields": {"name": "Can change nonce", "content_type": 13, "codename": "change_nonce"}}, {"model": "auth.permission", "pk": 51, "fields": {"name": "Can delete nonce", "content_type": 13, "codename": "delete_nonce"}}, {"model": "auth.permission", "pk": 52, "fields": {"name": "Can view nonce", "content_type": 13, "codename": "view_nonce"}}, {"model": "auth.permission", "pk": 53, "fields": {"name": "Can add user social auth", "content_type": 14, "codename": "add_usersocialauth"}}, {"model": "auth.permission", "pk": 54, "fields": {"name": "Can change user social auth", "content_type": 14, "codename": "change_usersocialauth"}}, {"model": "auth.permission", "pk": 55, "fields": {"name": "Can delete user social auth", "content_type": 14, "codename": "delete_usersocialauth"}}, {"model": "auth.permission", "pk": 56, "fields": {"name": "Can view user social auth", "content_type": 14, "codename": "view_usersocialauth"}}, {"model": "auth.permission", "pk": 57, "fields": {"name": "Can add partial", "content_type": 15, "codename": "add_partial"}}, {"model": "auth.permission", "pk": 58, "fields": {"name": "Can change partial", "content_type": 15, "codename": "change_partial"}}, {"model": "auth.permission", "pk": 59, "fields": {"name": "Can delete partial", "content_type": 15, "codename": "delete_partial"}}, {"model": "auth.permission", "pk": 60, "fields": {"name": "Can view partial", "content_type": 15, "codename": "view_partial"}}, {"model": "auth.permission", "pk": 61, "fields": {"name": "Can add shop user profile", "content_type": 16, "codename": "add_shopuserprofile"}}, {"model": "auth.permission", "pk": 62, "fields": {"name": "Can change shop user profile", "content_type": 16, "codename": "change_shopuserprofile"}}, {"model": "auth.permission", "pk": 63, "fields": {"name": "Can delete shop user profile", "content_type": 16, "codename": "delete_shopuserprofile"}}, {"model": "auth.permission", "pk": 64, "fields": {"name": "Can view shop user profile", "content_type": 16, "codename": "view_shopuserprofile"}}, {"model": "authapp.shopuser", "pk": 1, "fields": {"password": "pbkdf2_sha256$150000$qBYNNedq3hSA$ore7Fz5ggrzAQseFSkWB3NpsV6B8dHB03PYlwLb2gEM=", "last_login": "2019-08-26T06:00:03.997Z", "is_superuser": true, "username": "django", "first_name": "\u0422\u0430\u0440\u0430\u0441", "last_name": "", "email": "django@geekshop.local", "is_staff": true, "is_active": true, "date_joined": "2019-08-05T06:54:42.111Z", "avatar": "users_avatars/photo_2019-08-24_16-17-22.jpg", "age": 31, "activation_key": "", "activation_key_expires": "2019-08-24T11:27:23.056Z", "groups": [], "user_permissions": []}}, {"model": "authapp.shopuser", "pk": 2, "fields": {"password": "pbkdf2_sha256$150000$MNYKA1H8u8MQ$ElmqHl0k7hZE1H9ZCsHWLW/R4p4gQjZ2OO9EfTFrfLs=", "last_login": "2019-08-15T06:11:36.856Z", "is_superuser": false, "username": "user1", "first_name": "\u0414\u0436\u0430\u043d\u0433\u043e1", "last_name": "", "email": "pochta@text.ru", "is_staff": false, "is_active": true, "date_joined": "2019-08-05T09:19:24.720Z", "avatar": "users_avatars/11b.jpg", "age": 31, "activation_key": "", "activation_key_expires": "2019-08-24T11:27:23.056Z", "groups": [], "user_permissions": []}}, {"model": "authapp.shopuser", "pk": 3, "fields": {"password": "pbkdf2_sha256$150000$rUSOuAVxNxdb$C9oaePBHJkj9JfeTOWAt/LkSlUHFV7MS7+ZGLYCKSNs=", "last_login": "2019-08-07T17:03:14.328Z", "is_superuser": false, "username": "django2", "first_name": "\u0422\u0430\u0440\u0430\u0441", "last_name": "", "email": "vector2012@ya.ru", "is_staff": false, "is_active": true, "date_joined": "2019-08-07T17:02:51.672Z", "avatar": "", "age": 31, "activation_key": "", "activation_key_expires": "2019-08-24T11:27:23.056Z", "groups": [], "user_permissions": []}}, {"model": "authapp.shopuser", "pk": 4, "fields": {"password": "pbkdf2_sha256$150000$OphQS9hc31Zj$U27BrFXdQSPJox5Nj7VoJX8m5zdUQDsIx1O+I6Zadl8=", "last_login": null, "is_superuser": true, "username": "user3", "first_name": "\u0420\u043e\u043c\u0430\u043d", "last_name": "\u0420\u043e\u043c\u0430\u043d\u043e\u0432", "email": "pochta@text.ru", "is_staff": false, "is_active": false, "date_joined": "2019-08-14T15:33:25.895Z", "avatar": "", "age": 33, "activation_key": "", "activation_key_expires": "2019-08-24T11:27:23.056Z", "groups": [], "user_permissions": []}}, {"model": "authapp.shopuser", "pk": 6, "fields": {"password": "pbkdf2_sha256$150000$pbXeTYW9C0TF$Xc7txwecwcMHU4B2A2Df/KOW4FeYFsvgzoOcMWy9O4Y=", "last_login": null, "is_superuser": false, "username": "login", "first_name": "name", "last_name": "", "email": "pochta@test.ru", "is_staff": false, "is_active": false, "date_joined": "2019-08-22T11:54:08.805Z", "avatar": "", "age": 31, "activation_key": "97098ad19151a065820c9f4ef8025382375ef295", "activation_key_expires": "2019-08-24T11:51:55.176Z", "groups": [], "user_permissions": []}}, {"model": "authapp.shopuser", "pk": 7, "fields": {"password": "pbkdf2_sha256$150000$AvLsBC4Y5yEM$fy99wT25tbQcPHIykcbDImRfNEVRZ52HwH2UG/BQ2o4=", "last_login": null, "is_superuser": false, "username": "login123", "first_name": "name", "last_name": "", "email": "pochta@gh.ru", "is_staff": false, "is_active": false, "date_joined": "2019-08-22T11:56:04.927Z", "avatar": "", "age": 31, "activation_key": "9071755e2b71f559edd43a3e66340175244b12ab", "activation_key_expires": "2019-08-24T11:55:10.830Z", "groups": [], "user_permissions": []}}, {"model": "authapp.shopuser", "pk": 8, "fields": {"password": "pbkdf2_sha256$150000$cSyio7Vwk6Cq$eZWOeLQs5aSOtPOFGnKsjpMbkH7k28b66H2a/5j0ZKs=", "last_login": null, "is_superuser": false, "username": "login456", "first_name": "name", "last_name": "", "email": "pochta@gh.ru", "is_staff": false, "is_active": false, "date_joined": "2019-08-22T11:57:16.029Z", "avatar": "", "age": 31, "activation_key": "5a2cdc3d6fe0fd36b8deaae136a97a957d4f459a", "activation_key_expires": "2019-08-24T11:56:45.262Z", "groups": [], "user_permissions": []}}, {"model": "authapp.shopuser", "pk": 9, "fields": {"password": "pbkdf2_sha256$150000$2Q51fwMQv6I2$p50Ox+o4eNhBLJEFPfKZssSXvmtRHQtcvdr8HId0N7o=", "last_login": null, "is_superuser": false, "username": "login883247", "first_name": "namekjh", "last_name": "", "email": "pochta@pochta.ru", "is_staff": false, "is_active": false, "date_joined": "2019-08-22T12:04:03.918Z", "avatar": "", "age": 31, "activation_key": "d9c0f8ce6ecca2307d9ce8e2ecb868b3e91c4ef4", "activation_key_expires": "2019-08-24T11:56:45.262Z", "groups": [], "user_permissions": []}}, {"model": "authapp.shopuser", "pk": 10, "fields": {"password": "pbkdf2_sha256$150000$NkqtAarUGv4N$mPleoIzLn+c2eDZndy7/DHurno7YFdzwQ4l9jt6FgsA=", "last_login": null, "is_superuser": false, "username": "loginkjasger", "first_name": "namekjh", "last_name": "", "email": "pochta@pochta.ru", "is_staff": false, "is_active": false, "date_joined": "2019-08-22T12:05:12.970Z", "avatar": "", "age": 31, "activation_key": "c0fed5db0583e765f3eec9f5560061d2c303f2a2", "activation_key_expires": "2019-08-24T12:04:49.906Z", "groups": [], "user_permissions": []}}, {"model": "authapp.shopuser", "pk": 11, "fields": {"password": "pbkdf2_sha256$150000$DqM5I0K8N1aw$3Ja8qAsXKb/UAaddQDX9djF0GCm0t/RuxDeSJ+uC6r8=", "last_login": "2019-08-22T13:33:36.032Z", "is_superuser": false, "username": "login789", "first_name": "name789", "last_name": "", "email": "name@name.ru", "is_staff": false, "is_active": true, "date_joined": "2019-08-22T13:05:27.621Z", "avatar": "", "age": 31, "activation_key": "38b27c17e59339fbf3182e04e8fe0f286c334c89", "activation_key_expires": "2019-08-24T13:04:35.875Z", "groups": [], "user_permissions": []}}, {"model": "authapp.shopuser", "pk": 12, "fields": {"password": "pbkdf2_sha256$150000$D7xxJGVq2qMU$5XvNElMqD5CFBoArg8oqlibm42A1hyTzOwHQTQOQgxo=", "last_login": null, "is_superuser": false, "username": "login123456789", "first_name": "\u0422\u0430\u0440\u0430\u0441", "last_name": "", "email": "pochta@test.ru", "is_staff": false, "is_active": false, "date_joined": "2019-08-22T13:13:32.352Z", "avatar": "", "age": 31, "activation_key": "86facc077d8d1c8b2599b0bf1ee68d7230d52530", "activation_key_expires": "2019-08-24T13:11:58.542Z", "groups": [], "user_permissions": []}}, {"model": "authapp.shopuser", "pk": 13, "fields": {"password": "pbkdf2_sha256$150000$Yu34kSdwUiRD$YNuASt7ivhrpaCS5HiaBFb5ZJ/5ufmEtP0WWTkWEvCs=", "last_login": "2019-08-22T14:22:03.066Z", "is_superuser": false, "username": "login666", "first_name": "name", "last_name": "", "email": "test666@mail.ru", "is_staff": false, "is_active": true, "date_joined": "2019-08-22T13:37:16.438Z", "avatar": "", "age": 31, "activation_key": "70d3b519b406c94b0355074048f9bd55b7c2d157", "activation_key_expires": "2019-08-24T13:35:57.586Z", "groups": [], "user_permissions": []}}, {"model": "authapp.shopuser", "pk": 15, "fields": {"password": "pbkdf2_sha256$150000$lLrLVaycgLtF$OdjwVU4QeNuorNcW9MJtYCawkGknMZlHdrblJaOWWGc=", "last_login": "2019-08-24T10:47:05.166Z", "is_superuser": false, "username": "login54879", "first_name": "\u0438\u043c\u044f\u0442\u0435\u0441\u0442", "last_name": "", "email": "pochta@testovaya.ru", "is_staff": false, "is_active": true, "date_joined": "2019-08-24T10:45:09.401Z", "avatar": "", "age": 18, "activation_key": "e64bc0ed3323bb4f1a630a3dfebe557e7c309c84", "activation_key_expires": "2019-08-26T10:37:04.930Z", "groups": [], "user_permissions": []}}, {"model": "authapp.shopuser", "pk": 16, "fields": {"password": "pbkdf2_sha256$150000$7kDYSm2MbuCd$wCQtDtNwT5n9ewf/jUZu1n3MD+HdoZcbmaZ4m65UdAA=", "last_login": null, "is_superuser": false, "username": "login16", "first_name": "\u0438\u043c\u044f", "last_name": "", "email": "pochta@sdgfd.ru", "is_staff": false, "is_active": false, "date_joined": "2019-08-24T11:08:26.453Z", "avatar": "", "age": 18, "activation_key": "6b57aef645a26c4f513b6208e611fb460da2a8c5", "activation_key_expires": "2019-08-26T11:05:38.393Z", "groups": [], "user_permissions": []}}, {"model": "authapp.shopuser", "pk": 19, "fields": {"password": "!eIII0UOjiznw2MkjNBbzzgLszprAYdNNaSYyOjei", "last_login": "2019-08-26T06:10:36.273Z", "is_superuser": false, "username": "toptimum", "first_name": "\u0422\u0430\u0440\u0430\u0441", "last_name": "\u0416\u0438\u0442\u043d\u0438\u043a\u043e\u0432", "email": "taras.zhitnikov@ya.ru", "is_staff": false, "is_active": true, "date_joined": "2019-08-26T06:10:23.112Z", "avatar": "", "age": 18, "activation_key": "", "activation_key_expires": "2019-08-28T06:10:14.137Z", "groups": [], "user_permissions": []}}, {"model": "authapp.shopuserprofile", "pk": 1, "fields": {"user": 1, "tagline": "#geekbrains #python #programmer", "aboutMe": "\u042f \u0431\u0443\u0434\u0443\u0449\u0438\u0439 \u043f\u0440\u043e\u0433\u0440\u0430\u043c\u043c\u0438\u0441\u0442, \u0430 \u0441\u0435\u0439\u0447\u0430\u0441 \u0432\u0441\u0435\u0433\u043e \u043b\u0438\u0448\u044c \u043d\u0443\u0434\u0438\u0441\u0442 \u0432 \u043c\u0438\u0440\u0435 \u0437\u043d\u0430\u043d\u0438\u0439 \u041f\u0438\u0442\u043e\u043d\u0438\u0441\u0442)))", "gender": "M"}}, {"model": "authapp.shopuserprofile", "pk": 2, "fields": {"user": 2, "tagline": "", "aboutMe": "", "gender": ""}}, {"model": "authapp.shopuserprofile", "pk": 3, "fields": {"user": 3, "tagline": "", "aboutMe": "", "gender": ""}}, {"model": "authapp.shopuserprofile", "pk": 4, "fields": {"user": 4, "tagline": "", "aboutMe": "", "gender": ""}}, {"model": "authapp.shopuserprofile", "pk": 6, "fields": {"user": 6, "tagline": "", "aboutMe": "", "gender": ""}}, {"model": "authapp.shopuserprofile", "pk": 7, "fields": {"user": 7, "tagline": "", "aboutMe": "", "gender": ""}}, {"model": "authapp.shopuserprofile", "pk": 8, "fields": {"user": 8, "tagline": "", "aboutMe": "", "gender": ""}}, {"model": "authapp.shopuserprofile", "pk": 9, "fields": {"user": 9, "tagline": "", "aboutMe": "", "gender": ""}}, {"model": "authapp.shopuserprofile", "pk": 10, "fields": {"user": 10, "tagline": "", "aboutMe": "", "gender": ""}}, {"model": "authapp.shopuserprofile", "pk": 11, "fields": {"user": 11, "tagline": "", "aboutMe": "", "gender": ""}}, {"model": "authapp.shopuserprofile", "pk": 12, "fields": {"user": 12, "tagline": "", "aboutMe": "", "gender": ""}}, {"model": "authapp.shopuserprofile", "pk": 13, "fields": {"user": 13, "tagline": "", "aboutMe": "", "gender": ""}}, {"model": "authapp.shopuserprofile", "pk": 15, "fields": {"user": 15, "tagline": "", "aboutMe": "", "gender": ""}}, {"model": "authapp.shopuserprofile", "pk": 16, "fields": {"user": 16, "tagline": "", "aboutMe": "", "gender": ""}}, {"model": "authapp.shopuserprofile", "pk": 19, "fields": {"user": 19, "tagline": "", "aboutMe": "\u0422\u0430\u043a\u043e\u0439, \u043a\u0430\u043a\u043e\u0439 \u0435\u0441\u0442\u044c", "gender": "M"}}, {"model": "basketapp.basket", "pk": 1, "fields": {"user": 2, "product": 1, "quantity": 2, "add_datetime": "2019-08-08T08:26:22.766Z"}}, {"model": "basketapp.basket", "pk": 2, "fields": {"user": 2, "product": 7, "quantity": 1, "add_datetime": "2019-08-08T08:27:27.582Z"}}, {"model": "basketapp.basket", "pk": 3, "fields": {"user": 2, "product": 3, "quantity": 2, "add_datetime": "2019-08-08T08:51:31.119Z"}}, {"model": "basketapp.basket", "pk": 4, "fields": {"user": 2, "product": 8, "quantity": 1, "add_datetime": "2019-08-08T08:51:33.317Z"}}, {"model": "basketapp.basket", "pk": 5, "fields": {"user": 2, "product": 11, "quantity": 2, "add_datetime": "2019-08-08T08:51:35.567Z"}}, {"model": "basketapp.basket", "pk": 10, "fields": {"user": 2, "product": 2, "quantity": 1, "add_datetime": "2019-08-12T06:48:07.864Z"}}, {"model": "basketapp.basket", "pk": 46, "fields": {"user": 13, "product": 1, "quantity": 1, "add_datetime": "2019-08-22T14:16:44.789Z"}}, {"model": "basketapp.basket", "pk": 47, "fields": {"user": 13, "product": 18, "quantity": 1, "add_datetime": "2019-08-22T14:16:49.546Z"}}, {"model": "basketapp.basket", "pk": 49, "fields": {"user": 1, "product": 11, "quantity": 1, "add_datetime": "2019-08-24T10:12:28.366Z"}}, {"model": "social_django.usersocialauth", "pk": 4, "fields": {"user": 19, "provider": "vk-oauth2", "uid": "13576603", "extra_data": "{\"auth_time\": 1566799835, \"id\": 13576603, \"expires\": 86399, \"access_token\": \"8ae298fe016e2b7c10a14c9f523185ae55d083910227e002fd6ff4583eef2266758e606e321ea4e997883\", \"token_type\": null}"}}, {"model": "admin.logentry", "pk": 1, "fields": {"action_time": "2019-08-11T13:00:09.115Z", "user": 1, "content_type": 10, "object_id": "1", "object_repr": "\u041a\u043e\u043d\u0442\u0430\u043a\u0442\u044b", "action_flag": 1, "change_message": "[{\"added\": {}}]"}}, {"model": "admin.logentry", "pk": 2, "fields": {"action_time": "2019-08-11T13:00:39.076Z", "user": 1, "content_type": 10, "object_id": "2", "object_repr": "\u0414\u043e\u0441\u0442\u0430\u0432\u043a\u0430", "action_flag": 1, "change_message": "[{\"added\": {}}]"}}, {"model": "admin.logentry", "pk": 3, "fields": {"action_time": "2019-08-11T13:00:55.767Z", "user": 1, "content_type": 10, "object_id": "3", "object_repr": "\u041e\u043f\u043b\u0430\u0442\u0430", "action_flag": 1, "change_message": "[{\"added\": {}}]"}}, {"model": "admin.logentry", "pk": 4, "fields": {"action_time": "2019-08-11T13:33:54.080Z", "user": 1, "content_type": 10, "object_id": "1", "object_repr": "\u041a\u043e\u043d\u0442\u0430\u043a\u0442\u044b", "action_flag": 2, "change_message": "[{\"changed\": {\"fields\": [\"content_page\"]}}]"}}, {"model": "admin.logentry", "pk": 5, "fields": {"action_time": "2019-08-11T13:46:15.870Z", "user": 1, "content_type": 10, "object_id": "1", "object_repr": "\u041a\u043e\u043d\u0442\u0430\u043a\u0442\u044b", "action_flag": 2, "change_message": "[{\"changed\": {\"fields\": [\"content_page\"]}}]"}}, {"model": "admin.logentry", "pk": 6, "fields": {"action_time": "2019-08-11T13:54:44.554Z", "user": 1, "content_type": 10, "object_id": "4", "object_repr": "\u0413\u0430\u0440\u0430\u043d\u0442\u0438\u044f", "action_flag": 1, "change_message": "[{\"added\": {}}]"}}, {"model": "admin.logentry", "pk": 7, "fields": {"action_time": "2019-08-11T13:55:05.159Z", "user": 1, "content_type": 10, "object_id": "5", "object_repr": "\u0423\u0441\u043b\u043e\u0432\u0438\u044f \u0432\u043e\u0437\u0432\u0440\u0430\u0442\u0430", "action_flag": 1, "change_message": "[{\"added\": {}}]"}}, {"model": "admin.logentry", "pk": 8, "fields": {"action_time": "2019-08-11T13:55:16.240Z", "user": 1, "content_type": 10, "object_id": "6", "object_repr": "\u0421\u043a\u0438\u0434\u043a\u0438 \u0438 \u0431\u043e\u043d\u0443\u0441\u044b", "action_flag": 1, "change_message": "[{\"added\": {}}]"}}, {"model": "admin.logentry", "pk": 9, "fields": {"action_time": "2019-08-11T14:00:37.827Z", "user": 1, "content_type": 10, "object_id": "3", "object_repr": "\u041e\u043f\u043b\u0430\u0442\u0430", "action_flag": 2, "change_message": "[{\"changed\": {\"fields\": [\"order_in_menu\"]}}]"}}, {"model": "admin.logentry", "pk": 10, "fields": {"action_time": "2019-08-11T14:00:49.043Z", "user": 1, "content_type": 10, "object_id": "2", "object_repr": "\u0414\u043e\u0441\u0442\u0430\u0432\u043a\u0430", "action_flag": 2, "change_message": "[{\"changed\": {\"fields\": [\"order_in_menu\"]}}]"}}, {"model": "admin.logentry", "pk": 11, "fields": {"action_time": "2019-08-11T14:00:50.589Z", "user": 1, "content_type": 10, "object_id": "2", "object_repr": "\u0414\u043e\u0441\u0442\u0430\u0432\u043a\u0430", "action_flag": 2, "change_message": "[]"}}, {"model": "admin.logentry", "pk": 12, "fields": {"action_time": "2019-08-11T14:00:56.344Z", "user": 1, "content_type": 10, "object_id": "1", "object_repr": "\u041a\u043e\u043d\u0442\u0430\u043a\u0442\u044b", "action_flag": 2, "change_message": "[{\"changed\": {\"fields\": [\"order_in_menu\"]}}]"}}, {"model": "admin.logentry", "pk": 13, "fields": {"action_time": "2019-08-11T14:01:05.495Z", "user": 1, "content_type": 10, "object_id": "4", "object_repr": "\u0413\u0430\u0440\u0430\u043d\u0442\u0438\u044f", "action_flag": 2, "change_message": "[{\"changed\": {\"fields\": [\"order_in_menu\"]}}]"}}, {"model": "admin.logentry", "pk": 14, "fields": {"action_time": "2019-08-11T14:01:18.087Z", "user": 1, "content_type": 10, "object_id": "6", "object_repr": "\u0421\u043a\u0438\u0434\u043a\u0438 \u0438 \u0431\u043e\u043d\u0443\u0441\u044b", "action_flag": 2, "change_message": "[{\"changed\": {\"fields\": [\"order_in_menu\"]}}]"}}, {"model": "admin.logentry", "pk": 15, "fields": {"action_time": "2019-08-11T14:01:23.369Z", "user": 1, "content_type": 10, "object_id": "5", "object_repr": "\u0423\u0441\u043b\u043e\u0432\u0438\u044f \u0432\u043e\u0437\u0432\u0440\u0430\u0442\u0430", "action_flag": 2, "change_message": "[{\"changed\": {\"fields\": [\"order_in_menu\"]}}]"}}, {"model": "admin.logentry", "pk": 16, "fields": {"action_time": "2019-08-11T14:01:27.408Z", "user": 1, "content_type": 10, "object_id": "6", "object_repr": "\u0421\u043a\u0438\u0434\u043a\u0438 \u0438 \u0431\u043e\u043d\u0443\u0441\u044b", "action_flag": 2, "change_message": "[{\"changed\": {\"fields\": [\"show_in_main_menu\"]}}]"}}, {"model": "admin.logentry", "pk": 17, "fields": {"action_time": "2019-08-11T14:01:34.787Z", "user": 1, "content_type": 10, "object_id": "6", "object_repr": "\u0421\u043a\u0438\u0434\u043a\u0438 \u0438 \u0431\u043e\u043d\u0443\u0441\u044b", "action_flag": 2, "change_message": "[{\"changed\": {\"fields\": [\"show_in_main_menu\"]}}]"}}, {"model": "admin.logentry", "pk": 18, "fields": {"action_time": "2019-08-11T14:31:57.975Z", "user": 1, "content_type": 6, "object_id": "1", "object_repr": "\u0412\u0441\u0435 \u043c\u043e\u0434\u0435\u043b\u0438", "action_flag": 2, "change_message": "[{\"changed\": {\"fields\": [\"show_in_main_menu\"]}}]"}}, {"model": "admin.logentry", "pk": 19, "fields": {"action_time": "2019-08-11T15:55:19.798Z", "user": 1, "content_type": 10, "object_id": "6", "object_repr": "\u0421\u043a\u0438\u0434\u043a\u0438 \u0438 \u0431\u043e\u043d\u0443\u0441\u044b", "action_flag": 3, "change_message": ""}}, {"model": "admin.logentry", "pk": 20, "fields": {"action_time": "2019-08-12T08:12:41.168Z", "user": 1, "content_type": 7, "object_id": "12", "object_repr": "\u0421\u043c\u0430\u0440\u0442\u0444\u043e\u043d Apple iPhone XR 128 \u0413\u0431, \u043a\u0440\u0430\u0441\u043d\u044b\u0439", "action_flag": 2, "change_message": "[{\"changed\": {\"fields\": [\"is_new\"]}}]"}}, {"model": "admin.logentry", "pk": 21, "fields": {"action_time": "2019-08-12T08:12:45.725Z", "user": 1, "content_type": 7, "object_id": "11", "object_repr": "\u0421\u043c\u0430\u0440\u0442\u0444\u043e\u043d Apple iPhone XR 64 \u0413\u0431, \u0431\u0435\u043b\u044b\u0439", "action_flag": 2, "change_message": "[{\"changed\": {\"fields\": [\"is_new\"]}}]"}}, {"model": "admin.logentry", "pk": 22, "fields": {"action_time": "2019-08-12T08:12:49.468Z", "user": 1, "content_type": 7, "object_id": "10", "object_repr": "\u0421\u043c\u0430\u0440\u0442\u0444\u043e\u043d Apple iPhone XS 128 \u0413\u0431, \u0437\u043e\u043b\u043e\u0442\u043e\u0439", "action_flag": 2, "change_message": "[{\"changed\": {\"fields\": [\"is_new\"]}}]"}}, {"model": "admin.logentry", "pk": 23, "fields": {"action_time": "2019-08-12T08:12:53.493Z", "user": 1, "content_type": 7, "object_id": "9", "object_repr": "\u0421\u043c\u0430\u0440\u0442\u0444\u043e\u043d Apple iPhone XS 64 \u0413\u0431, \u0441\u0435\u0440\u044b\u0439 \u043a\u043e\u0441\u043c\u043e\u0441", "action_flag": 2, "change_message": "[{\"changed\": {\"fields\": [\"is_new\"]}}]"}}, {"model": "admin.logentry", "pk": 24, "fields": {"action_time": "2019-08-12T08:15:18.417Z", "user": 1, "content_type": 7, "object_id": "1", "object_repr": "\u0421\u043c\u0430\u0440\u0442\u0444\u043e\u043d Apple iPhone 6 16 \u0413\u0431, \u0441\u0435\u0440\u044b\u0439 \u043a\u043e\u0441\u043c\u043e\u0441", "action_flag": 2, "change_message": "[{\"changed\": {\"fields\": [\"is_popular\"]}}]"}}, {"model": "admin.logentry", "pk": 25, "fields": {"action_time": "2019-08-12T08:15:22.592Z", "user": 1, "content_type": 7, "object_id": "2", "object_repr": "\u0421\u043c\u0430\u0440\u0442\u0444\u043e\u043d Apple iPhone 7 32 \u0413\u0431, \u0447\u0435\u0440\u043d\u044b\u0439 \u043c\u0430\u0442\u043e\u0432\u044b\u0439", "action_flag": 2, "change_message": "[{\"changed\": {\"fields\": [\"is_popular\"]}}]"}}, {"model": "admin.logentry", "pk": 26, "fields": {"action_time": "2019-08-12T08:15:26.678Z", "user": 1, "content_type": 7, "object_id": "3", "object_repr": "\u0421\u043c\u0430\u0440\u0442\u0444\u043e\u043d Apple iPhone 8 32 \u0413\u0431, \u0431\u0435\u043b\u044b\u0439 \u0441\u0430\u043f\u0444\u0438\u0440", "action_flag": 2, "change_message": "[{\"changed\": {\"fields\": [\"is_popular\"]}}]"}}, {"model": "admin.logentry", "pk": 27, "fields": {"action_time": "2019-08-12T08:15:30.504Z", "user": 1, "content_type": 7, "object_id": "7", "object_repr": "\u0421\u043c\u0430\u0440\u0442\u0444\u043e\u043d Apple iPhone X 64 \u0413\u0431, \u0431\u0435\u043b\u044b\u0439 \u0441\u0430\u043f\u0444\u0438\u0440", "action_flag": 2, "change_message": "[{\"changed\": {\"fields\": [\"is_popular\"]}}]"}}, {"model": "admin.logentry", "pk": 28, "fields": {"action_time": "2019-08-12T08:17:37.891Z", "user": 1, "content_type": 7, "object_id": "11", "object_repr": "\u0421\u043c\u0430\u0440\u0442\u0444\u043e\u043d Apple iPhone XR 64 \u0413\u0431, \u0431\u0435\u043b\u044b\u0439", "action_flag": 2, "change_message": "[{\"changed\": {\"fields\": [\"is_popular\"]}}]"}}, {"model": "admin.logentry", "pk": 29, "fields": {"action_time": "2019-08-12T08:17:41.071Z", "user": 1, "content_type": 7, "object_id": "9", "object_repr": "\u0421\u043c\u0430\u0440\u0442\u0444\u043e\u043d Apple iPhone XS 64 \u0413\u0431, \u0441\u0435\u0440\u044b\u0439 \u043a\u043e\u0441\u043c\u043e\u0441", "action_flag": 2, "change_message": "[{\"changed\": {\"fields\": [\"is_popular\"]}}]"}}, {"model": "admin.logentry", "pk": 30, "fields": {"action_time": "2019-08-12T08:18:24.443Z", "user": 1, "content_type": 7, "object_id": "10", "object_repr": "\u0421\u043c\u0430\u0440\u0442\u0444\u043e\u043d Apple iPhone XS 128 \u0413\u0431, \u0437\u043e\u043b\u043e\u0442\u043e\u0439", "action_flag": 2, "change_message": "[{\"changed\": {\"fields\": [\"is_exclusive\"]}}]"}}, {"model": "admin.logentry", "pk": 31, "fields": {"action_time": "2019-08-12T08:18:28.273Z", "user": 1, "content_type": 7, "object_id": "4", "object_repr": "\u0421\u043c\u0430\u0440\u0442\u0444\u043e\u043d Apple iPhone 6 32 \u0413\u0431, \u0437\u043e\u043b\u043e\u0442\u043e\u0439", "action_flag": 2, "change_message": "[{\"changed\": {\"fields\": [\"is_exclusive\"]}}]"}}, {"model": "admin.logentry", "pk": 32, "fields": {"action_time": "2019-08-12T08:18:37.445Z", "user": 1, "content_type": 7, "object_id": "12", "object_repr": "\u0421\u043c\u0430\u0440\u0442\u0444\u043e\u043d Apple iPhone XR 128 \u0413\u0431, \u043a\u0440\u0430\u0441\u043d\u044b\u0439", "action_flag": 2, "change_message": "[{\"changed\": {\"fields\": [\"is_exclusive\"]}}]"}}, {"model": "admin.logentry", "pk": 33, "fields": {"action_time": "2019-08-12T08:18:40.925Z", "user": 1, "content_type": 7, "object_id": "6", "object_repr": "\u0421\u043c\u0430\u0440\u0442\u0444\u043e\u043d Apple iPhone 8 Red 64 \u0413\u0431, \u043a\u0440\u0430\u0441\u043d\u044b\u0439", "action_flag": 2, "change_message": "[{\"changed\": {\"fields\": [\"is_exclusive\"]}}]"}}, {"model": "admin.logentry", "pk": 34, "fields": {"action_time": "2019-08-15T09:39:29.468Z", "user": 1, "content_type": 7, "object_id": "13", "object_repr": "\u0421\u043c\u0430\u0440\u0442\u0444\u043e\u043d Apple iPhone XR 64 \u0413\u0431, \u0433\u043e\u043b\u0443\u0431\u043e\u0439", "action_flag": 1, "change_message": "[{\"added\": {}}]"}}, {"model": "admin.logentry", "pk": 35, "fields": {"action_time": "2019-08-17T14:35:27.975Z", "user": 1, "content_type": 10, "object_id": "2", "object_repr": "\u0414\u043e\u0441\u0442\u0430\u0432\u043a\u0430", "action_flag": 2, "change_message": "[{\"changed\": {\"fields\": [\"show_in_main_menu\"]}}]"}}, {"model": "admin.logentry", "pk": 36, "fields": {"action_time": "2019-08-17T14:39:29.928Z", "user": 1, "content_type": 7, "object_id": "15", "object_repr": "\u0421\u043c\u0430\u0440\u0442\u0444\u043e\u043d Apple iPhone XR 64 \u0413\u0431, \u0436\u0435\u043b\u0442\u044b\u0439", "action_flag": 1, "change_message": "[{\"added\": {}}]"}}, {"model": "admin.logentry", "pk": 37, "fields": {"action_time": "2019-08-17T14:40:01.515Z", "user": 1, "content_type": 7, "object_id": "15", "object_repr": "\u0421\u043c\u0430\u0440\u0442\u0444\u043e\u043d Apple iPhone XR 64 \u0413\u0431, \u0436\u0435\u043b\u0442\u044b\u0439", "action_flag": 2, "change_message": "[{\"changed\": {\"fields\": [\"description_product\"]}}]"}}, {"model": "admin.logentry", "pk": 38, "fields": {"action_time": "2019-08-17T14:45:09.146Z", "user": 1, "content_type": 6, "object_id": "11", "object_repr": "\u043a\u0430\u0442\u0435\u0433\u043e\u0440\u0438\u044f1", "action_flag": 2, "change_message": "[{\"changed\": {\"fields\": [\"is_active\"]}}]"}}, {"model": "admin.logentry", "pk": 39, "fields": {"action_time": "2019-08-17T14:45:18.468Z", "user": 1, "content_type": 6, "object_id": "10", "object_repr": "dfh", "action_flag": 3, "change_message": ""}}, {"model": "admin.logentry", "pk": 40, "fields": {"action_time": "2019-08-17T14:45:25.398Z", "user": 1, "content_type": 6, "object_id": "11", "object_repr": "\u043a\u0430\u0442\u0435\u0433\u043e\u0440\u0438\u044f1", "action_flag": 3, "change_message": ""}}, {"model": "admin.logentry", "pk": 41, "fields": {"action_time": "2019-08-17T14:46:05.319Z", "user": 1, "content_type": 6, "object_id": "9", "object_repr": "\u041a\u0430\u0442\u0435\u0433\u043e\u0440\u0438\u044f \u0434\u043b\u044f \u043f\u0440\u0438\u043c\u0435\u0440\u0430", "action_flag": 2, "change_message": "[{\"changed\": {\"fields\": [\"name_category\", \"header_category\"]}}]"}}, {"model": "admin.logentry", "pk": 42, "fields": {"action_time": "2019-08-17T14:46:17.725Z", "user": 1, "content_type": 6, "object_id": "9", "object_repr": "\u041a\u0430\u0442\u0435\u0433\u043e\u0440\u0438\u044f \u0434\u043b\u044f \u043f\u0440\u0438\u043c\u0435\u0440\u0430", "action_flag": 2, "change_message": "[{\"changed\": {\"fields\": [\"is_active\"]}}]"}}, {"model": "admin.logentry", "pk": 43, "fields": {"action_time": "2019-08-17T14:46:43.981Z", "user": 1, "content_type": 6, "object_id": "9", "object_repr": "\u041a\u0430\u0442\u0435\u0433\u043e\u0440\u0438\u044f \u0434\u043b\u044f \u043f\u0440\u0438\u043c\u0435\u0440\u0430", "action_flag": 3, "change_message": ""}}, {"model": "admin.logentry", "pk": 44, "fields": {"action_time": "2019-08-17T14:47:56.681Z", "user": 1, "content_type": 7, "object_id": "13", "object_repr": "\u0421\u043c\u0430\u0440\u0442\u0444\u043e\u043d Apple iPhone XR 64 \u0413\u0431, \u0433\u043e\u043b\u0443\u0431\u043e\u0439", "action_flag": 2, "change_message": "[{\"changed\": {\"fields\": [\"description_product\"]}}]"}}, {"model": "admin.logentry", "pk": 45, "fields": {"action_time": "2019-08-17T14:48:01.116Z", "user": 1, "content_type": 7, "object_id": "12", "object_repr": "\u0421\u043c\u0430\u0440\u0442\u0444\u043e\u043d Apple iPhone XR 128 \u0413\u0431, \u043a\u0440\u0430\u0441\u043d\u044b\u0439", "action_flag": 2, "change_message": "[{\"changed\": {\"fields\": [\"description_product\"]}}]"}}, {"model": "admin.logentry", "pk": 46, "fields": {"action_time": "2019-08-17T14:48:05.658Z", "user": 1, "content_type": 7, "object_id": "11", "object_repr": "\u0421\u043c\u0430\u0440\u0442\u0444\u043e\u043d Apple iPhone XR 64 \u0413\u0431, \u0431\u0435\u043b\u044b\u0439", "action_flag": 2, "change_message": "[{\"changed\": {\"fields\": [\"description_product\"]}}]"}}, {"model": "admin.logentry", "pk": 47, "fields": {"action_time": "2019-08-17T14:49:50.001Z", "user": 1, "content_type": 7, "object_id": "15", "object_repr": "\u0421\u043c\u0430\u0440\u0442\u0444\u043e\u043d Apple iPhone XR 64 \u0413\u0431, \u0436\u0435\u043b\u0442\u044b\u0439", "action_flag": 2, "change_message": "[{\"changed\": {\"fields\": [\"is_active\"]}}]"}}, {"model": "admin.logentry", "pk": 48, "fields": {"action_time": "2019-08-17T14:50:44.978Z", "user": 1, "content_type": 7, "object_id": "15", "object_repr": "\u0421\u043c\u0430\u0440\u0442\u0444\u043e\u043d Apple iPhone XR 64 \u0413\u0431, \u0436\u0435\u043b\u0442\u044b\u0439", "action_flag": 2, "change_message": "[{\"changed\": {\"fields\": [\"is_active\"]}}]"}}, {"model": "admin.logentry", "pk": 49, "fields": {"action_time": "2019-08-17T14:55:14.327Z", "user": 1, "content_type": 7, "object_id": "9", "object_repr": "\u0421\u043c\u0430\u0440\u0442\u0444\u043e\u043d Apple iPhone XS 64 \u0413\u0431, \u0441\u0435\u0440\u044b\u0439 \u043a\u043e\u0441\u043c\u043e\u0441", "action_flag": 2, "change_message": "[{\"changed\": {\"fields\": [\"is_active\"]}}]"}}, {"model": "admin.logentry", "pk": 50, "fields": {"action_time": "2019-08-17T14:55:42.743Z", "user": 1, "content_type": 7, "object_id": "1", "object_repr": "\u0421\u043c\u0430\u0440\u0442\u0444\u043e\u043d Apple iPhone 6 16 \u0413\u0431, \u0441\u0435\u0440\u044b\u0439 \u043a\u043e\u0441\u043c\u043e\u0441", "action_flag": 2, "change_message": "[{\"changed\": {\"fields\": [\"is_active\"]}}]"}}, {"model": "admin.logentry", "pk": 51, "fields": {"action_time": "2019-08-17T14:56:03.722Z", "user": 1, "content_type": 7, "object_id": "4", "object_repr": "\u0421\u043c\u0430\u0440\u0442\u0444\u043e\u043d Apple iPhone 6 32 \u0413\u0431, \u0437\u043e\u043b\u043e\u0442\u043e\u0439", "action_flag": 2, "change_message": "[{\"changed\": {\"fields\": [\"is_active\"]}}]"}}, {"model": "admin.logentry", "pk": 52, "fields": {"action_time": "2019-08-17T15:00:44.399Z", "user": 1, "content_type": 7, "object_id": "10", "object_repr": "\u0421\u043c\u0430\u0440\u0442\u0444\u043e\u043d Apple iPhone XS 128 \u0413\u0431, \u0437\u043e\u043b\u043e\u0442\u043e\u0439", "action_flag": 2, "change_message": "[{\"changed\": {\"fields\": [\"is_new\"]}}]"}}, {"model": "admin.logentry", "pk": 53, "fields": {"action_time": "2019-08-17T15:02:40.578Z", "user": 1, "content_type": 7, "object_id": "9", "object_repr": "\u0421\u043c\u0430\u0440\u0442\u0444\u043e\u043d Apple iPhone XS 64 \u0413\u0431, \u0447\u0435\u0440\u043d\u044b\u0439", "action_flag": 2, "change_message": "[{\"changed\": {\"fields\": [\"name_product\", \"is_new\"]}}]"}}, {"model": "admin.logentry", "pk": 54, "fields": {"action_time": "2019-08-17T15:04:04.583Z", "user": 1, "content_type": 7, "object_id": "11", "object_repr": "\u0421\u043c\u0430\u0440\u0442\u0444\u043e\u043d Apple iPhone XR 64 \u0413\u0431, \u0431\u0435\u043b\u044b\u0439", "action_flag": 2, "change_message": "[{\"changed\": {\"fields\": [\"is_popular\"]}}]"}}, {"model": "admin.logentry", "pk": 55, "fields": {"action_time": "2019-08-17T15:04:12.567Z", "user": 1, "content_type": 7, "object_id": "9", "object_repr": "\u0421\u043c\u0430\u0440\u0442\u0444\u043e\u043d Apple iPhone XS 64 \u0413\u0431, \u0447\u0435\u0440\u043d\u044b\u0439", "action_flag": 2, "change_message": "[{\"changed\": {\"fields\": [\"is_popular\"]}}]"}}, {"model": "admin.logentry", "pk": 56, "fields": {"action_time": "2019-08-17T15:04:54.762Z", "user": 1, "content_type": 7, "object_id": "9", "object_repr": "\u0421\u043c\u0430\u0440\u0442\u0444\u043e\u043d Apple iPhone XS 64 \u0413\u0431, \u0447\u0435\u0440\u043d\u044b\u0439", "action_flag": 2, "change_message": "[{\"changed\": {\"fields\": [\"is_popular\"]}}]"}}, {"model": "admin.logentry", "pk": 57, "fields": {"action_time": "2019-08-17T15:04:58.425Z", "user": 1, "content_type": 7, "object_id": "11", "object_repr": "\u0421\u043c\u0430\u0440\u0442\u0444\u043e\u043d Apple iPhone XR 64 \u0413\u0431, \u0431\u0435\u043b\u044b\u0439", "action_flag": 2, "change_message": "[{\"changed\": {\"fields\": [\"is_popular\"]}}]"}}, {"model": "admin.logentry", "pk": 58, "fields": {"action_time": "2019-08-17T15:05:46.588Z", "user": 1, "content_type": 7, "object_id": "14", "object_repr": "\u0421\u043c\u0430\u0440\u0442\u0444\u043e\u043d Apple iPhone SE 32 \u0413\u0431, \u0441\u0435\u0440\u0435\u0431\u0440\u044f\u043d\u044b\u0439", "action_flag": 2, "change_message": "[{\"changed\": {\"fields\": [\"name_product\"]}}]"}}, {"model": "admin.logentry", "pk": 59, "fields": {"action_time": "2019-08-17T15:05:54.174Z", "user": 1, "content_type": 7, "object_id": "12", "object_repr": "\u0421\u043c\u0430\u0440\u0442\u0444\u043e\u043d Apple iPhone XR 128 \u0413\u0431, \u043a\u0440\u0430\u0441\u043d\u044b\u0439", "action_flag": 2, "change_message": "[{\"changed\": {\"fields\": [\"is_exclusive\"]}}]"}}, {"model": "admin.logentry", "pk": 60, "fields": {"action_time": "2019-08-17T15:06:07.826Z", "user": 1, "content_type": 7, "object_id": "4", "object_repr": "\u0421\u043c\u0430\u0440\u0442\u0444\u043e\u043d Apple iPhone 6 32 \u0413\u0431, \u0437\u043e\u043b\u043e\u0442\u043e\u0439", "action_flag": 2, "change_message": "[{\"changed\": {\"fields\": [\"is_exclusive\"]}}]"}}, {"model": "admin.logentry", "pk": 61, "fields": {"action_time": "2019-08-17T15:06:45.070Z", "user": 1, "content_type": 7, "object_id": "11", "object_repr": "\u0421\u043c\u0430\u0440\u0442\u0444\u043e\u043d Apple iPhone XR 64 \u0413\u0431, \u0431\u0435\u043b\u044b\u0439", "action_flag": 2, "change_message": "[{\"changed\": {\"fields\": [\"is_exclusive\"]}}]"}}, {"model": "admin.logentry", "pk": 62, "fields": {"action_time": "2019-08-17T15:09:58.800Z", "user": 1, "content_type": 7, "object_id": "16", "object_repr": "\u0421\u043c\u0430\u0440\u0442\u0444\u043e\u043d Apple iPhone 6 128 \u0413\u0431, \u0440\u043e\u0437\u043e\u0432\u043e\u0435 \u0437\u043e\u043b\u043e\u0442\u043e", "action_flag": 1, "change_message": "[{\"added\": {}}]"}}, {"model": "admin.logentry", "pk": 63, "fields": {"action_time": "2019-08-17T15:10:31.597Z", "user": 1, "content_type": 7, "object_id": "1", "object_repr": "\u0421\u043c\u0430\u0440\u0442\u0444\u043e\u043d Apple iPhone 6 16 \u0413\u0431, \u0441\u0435\u0440\u044b\u0439 \u043a\u043e\u0441\u043c\u043e\u0441", "action_flag": 2, "change_message": "[{\"changed\": {\"fields\": [\"description_product\"]}}]"}}, {"model": "admin.logentry", "pk": 64, "fields": {"action_time": "2019-08-17T15:10:35.499Z", "user": 1, "content_type": 7, "object_id": "4", "object_repr": "\u0421\u043c\u0430\u0440\u0442\u0444\u043e\u043d Apple iPhone 6 32 \u0413\u0431, \u0437\u043e\u043b\u043e\u0442\u043e\u0439", "action_flag": 2, "change_message": "[{\"changed\": {\"fields\": [\"description_product\"]}}]"}}, {"model": "admin.logentry", "pk": 65, "fields": {"action_time": "2019-08-17T15:12:19.761Z", "user": 1, "content_type": 7, "object_id": "17", "object_repr": "\u0421\u043c\u0430\u0440\u0442\u0444\u043e\u043d Apple iPhone 6S 32 \u0413\u0431, \u0447\u0435\u0440\u043d\u044b\u0439", "action_flag": 1, "change_message": "[{\"added\": {}}]"}}, {"model": "admin.logentry", "pk": 66, "fields": {"action_time": "2019-08-17T15:14:33.075Z", "user": 1, "content_type": 7, "object_id": "17", "object_repr": "\u0421\u043c\u0430\u0440\u0442\u0444\u043e\u043d Apple iPhone 6S 32 \u0413\u0431, \u0447\u0435\u0440\u043d\u044b\u0439", "action_flag": 2, "change_message": "[{\"changed\": {\"fields\": [\"image_product\"]}}]"}}, {"model": "admin.logentry", "pk": 67, "fields": {"action_time": "2019-08-17T15:19:38.866Z", "user": 1, "content_type": 7, "object_id": "18", "object_repr": "kjhkj", "action_flag": 1, "change_message": "[{\"added\": {}}]"}}, {"model": "admin.logentry", "pk": 68, "fields": {"action_time": "2019-08-17T15:20:09.873Z", "user": 1, "content_type": 7, "object_id": "17", "object_repr": "\u0421\u043c\u0430\u0440\u0442\u0444\u043e\u043d Apple iPhone 6S 32 \u0413\u0431, \u0447\u0435\u0440\u043d\u044b\u0439", "action_flag": 2, "change_message": "[{\"changed\": {\"fields\": [\"image_product\"]}}]"}}, {"model": "admin.logentry", "pk": 69, "fields": {"action_time": "2019-08-17T15:22:46.592Z", "user": 1, "content_type": 7, "object_id": "14", "object_repr": "\u0421\u043c\u0430\u0440\u0442\u0444\u043e\u043d Apple iPhone SE 32 \u0413\u0431, \u0441\u0435\u0440\u0435\u0431\u0440\u044f\u043d\u044b\u0439", "action_flag": 2, "change_message": "[{\"changed\": {\"fields\": [\"description_product\"]}}]"}}, {"model": "admin.logentry", "pk": 70, "fields": {"action_time": "2019-08-17T15:24:46.032Z", "user": 1, "content_type": 7, "object_id": "18", "object_repr": "\u0421\u043c\u0430\u0440\u0442\u0444\u043e\u043d Apple iPhone SE 32 \u0413\u0431, \u0441\u0435\u0440\u044b\u0439 \u043a\u043e\u0441\u043c\u043e\u0441", "action_flag": 2, "change_message": "[{\"changed\": {\"fields\": [\"name_product\", \"description_product\", \"price_product\", \"category\"]}}]"}}, {"model": "admin.logentry", "pk": 71, "fields": {"action_time": "2019-08-17T15:25:02.960Z", "user": 1, "content_type": 7, "object_id": "18", "object_repr": "\u0421\u043c\u0430\u0440\u0442\u0444\u043e\u043d Apple iPhone SE 32 \u0413\u0431, \u0441\u0435\u0440\u044b\u0439 \u043a\u043e\u0441\u043c\u043e\u0441", "action_flag": 2, "change_message": "[{\"changed\": {\"fields\": [\"image_product\"]}}]"}}, {"model": "admin.logentry", "pk": 72, "fields": {"action_time": "2019-08-17T15:28:11.531Z", "user": 1, "content_type": 7, "object_id": "19", "object_repr": "\u0421\u043c\u0430\u0440\u0442\u0444\u043e\u043d Apple iPhone SE 32 \u0413\u0431, \u0437\u043e\u043b\u043e\u0442\u043e\u0439", "action_flag": 1, "change_message": "[{\"added\": {}}]"}}, {"model": "admin.logentry", "pk": 73, "fields": {"action_time": "2019-08-17T15:30:33.533Z", "user": 1, "content_type": 7, "object_id": "20", "object_repr": "\u0421\u043c\u0430\u0440\u0442\u0444\u043e\u043d Apple iPhone SE 32 \u0413\u0431, \u0440\u043e\u0437\u043e\u0432\u044b\u0439", "action_flag": 1, "change_message": "[{\"added\": {}}]"}}, {"model": "admin.logentry", "pk": 74, "fields": {"action_time": "2019-08-17T15:30:45.233Z", "user": 1, "content_type": 7, "object_id": "20", "object_repr": "\u0421\u043c\u0430\u0440\u0442\u0444\u043e\u043d Apple iPhone SE 32 \u0413\u0431, \u0440\u043e\u0437\u043e\u0432\u044b\u0439", "action_flag": 2, "change_message": "[{\"changed\": {\"fields\": [\"image_product\"]}}]"}}, {"model": "admin.logentry", "pk": 75, "fields": {"action_time": "2019-08-17T15:33:54.131Z", "user": 1, "content_type": 7, "object_id": "5", "object_repr": "\u0421\u043c\u0430\u0440\u0442\u0444\u043e\u043d Apple iPhone 7 Plus 64 \u0413\u0431, \u0447\u0435\u0440\u043d\u044b\u0439 \u043c\u0430\u0442\u043e\u0432\u044b\u0439", "action_flag": 2, "change_message": "[{\"changed\": {\"fields\": [\"description_product\"]}}]"}}, {"model": "admin.logentry", "pk": 76, "fields": {"action_time": "2019-08-17T15:34:00.271Z", "user": 1, "content_type": 7, "object_id": "2", "object_repr": "\u0421\u043c\u0430\u0440\u0442\u0444\u043e\u043d Apple iPhone 7 32 \u0413\u0431, \u0447\u0435\u0440\u043d\u044b\u0439 \u043c\u0430\u0442\u043e\u0432\u044b\u0439", "action_flag": 2, "change_message": "[{\"changed\": {\"fields\": [\"description_product\"]}}]"}}, {"model": "admin.logentry", "pk": 77, "fields": {"action_time": "2019-08-17T15:35:12.587Z", "user": 1, "content_type": 7, "object_id": "21", "object_repr": "\u0421\u043c\u0430\u0440\u0442\u0444\u043e\u043d Apple iPhone 7 32 \u0413\u0431, \u0441\u0435\u0440\u0435\u0431\u0440\u0438\u0441\u0442\u044b\u0439", "action_flag": 1, "change_message": "[{\"added\": {}}]"}}, {"model": "admin.logentry", "pk": 78, "fields": {"action_time": "2019-08-17T15:36:23.201Z", "user": 1, "content_type": 7, "object_id": "22", "object_repr": "\u0421\u043c\u0430\u0440\u0442\u0444\u043e\u043d Apple iPhone 7 128 \u0413\u0431, \u043a\u0440\u0430\u0441\u043d\u044b\u0439", "action_flag": 1, "change_message": "[{\"added\": {}}]"}}, {"model": "admin.logentry", "pk": 79, "fields": {"action_time": "2019-08-17T15:36:39.263Z", "user": 1, "content_type": 7, "object_id": "22", "object_repr": "\u0421\u043c\u0430\u0440\u0442\u0444\u043e\u043d Apple iPhone 7 128 \u0413\u0431, \u043a\u0440\u0430\u0441\u043d\u044b\u0439", "action_flag": 2, "change_message": "[{\"changed\": {\"fields\": [\"price_product\"]}}]"}}, {"model": "admin.logentry", "pk": 80, "fields": {"action_time": "2019-08-17T15:56:27.392Z", "user": 1, "content_type": 7, "object_id": "6", "object_repr": "\u0421\u043c\u0430\u0440\u0442\u0444\u043e\u043d Apple iPhone 8 Red 64 \u0413\u0431, \u043a\u0440\u0430\u0441\u043d\u044b\u0439", "action_flag": 2, "change_message": "[{\"changed\": {\"fields\": [\"description_product\"]}}]"}}, {"model": "admin.logentry", "pk": 81, "fields": {"action_time": "2019-08-17T15:56:31.963Z", "user": 1, "content_type": 7, "object_id": "3", "object_repr": "\u0421\u043c\u0430\u0440\u0442\u0444\u043e\u043d Apple iPhone 8 32 \u0413\u0431, \u0431\u0435\u043b\u044b\u0439 \u0441\u0430\u043f\u0444\u0438\u0440", "action_flag": 2, "change_message": "[{\"changed\": {\"fields\": [\"description_product\"]}}]"}}, {"model": "admin.logentry", "pk": 82, "fields": {"action_time": "2019-08-17T15:58:37.632Z", "user": 1, "content_type": 7, "object_id": "23", "object_repr": "\u0421\u043c\u0430\u0440\u0442\u0444\u043e\u043d Apple iPhone 8 64 \u0413\u0431, \u0447\u0435\u0440\u043d\u044b\u0439", "action_flag": 1, "change_message": "[{\"added\": {}}]"}}, {"model": "admin.logentry", "pk": 83, "fields": {"action_time": "2019-08-17T15:59:18.501Z", "user": 1, "content_type": 7, "object_id": "24", "object_repr": "\u0421\u043c\u0430\u0440\u0442\u0444\u043e\u043d Apple iPhone 8 32 \u0413\u0431, \u0437\u043e\u043b\u043e\u0442\u043e\u0439", "action_flag": 1, "change_message": "[{\"added\": {}}]"}}, {"model": "admin.logentry", "pk": 84, "fields": {"action_time": "2019-08-17T16:00:59.885Z", "user": 1, "content_type": 7, "object_id": "8", "object_repr": "\u0421\u043c\u0430\u0440\u0442\u0444\u043e\u043d Apple iPhone X 128 \u0413\u0431, \u0447\u0435\u0440\u043d\u044b\u0439", "action_flag": 2, "change_message": "[{\"changed\": {\"fields\": [\"description_product\"]}}]"}}, {"model": "admin.logentry", "pk": 85, "fields": {"action_time": "2019-08-17T16:01:10.971Z", "user": 1, "content_type": 7, "object_id": "7", "object_repr": "\u0421\u043c\u0430\u0440\u0442\u0444\u043e\u043d Apple iPhone X 64 \u0413\u0431, \u0431\u0435\u043b\u044b\u0439 \u0441\u0430\u043f\u0444\u0438\u0440", "action_flag": 2, "change_message": "[{\"changed\": {\"fields\": [\"description_product\"]}}]"}}, {"model": "admin.logentry", "pk": 86, "fields": {"action_time": "2019-08-17T16:06:05.229Z", "user": 1, "content_type": 7, "object_id": "25", "object_repr": "\u0421\u043c\u0430\u0440\u0442\u0444\u043e\u043d Apple iPhone X 64 \u0413\u0431, \u0441\u0435\u0440\u0435\u0431\u0440\u0438\u0441\u0442\u044b\u0439", "action_flag": 1, "change_message": "[{\"added\": {}}]"}}, {"model": "admin.logentry", "pk": 87, "fields": {"action_time": "2019-08-17T16:07:21.848Z", "user": 1, "content_type": 7, "object_id": "26", "object_repr": "\u0421\u043c\u0430\u0440\u0442\u0444\u043e\u043d Apple iPhone X 128 \u0413\u0431, \u0440\u043e\u0437\u043e\u0432\u043e\u0435 \u0437\u043e\u043b\u043e\u0442\u043e", "action_flag": 1, "change_message": "[{\"added\": {}}]"}}, {"model": "admin.logentry", "pk": 88, "fields": {"action_time": "2019-08-17T16:10:29.887Z", "user": 1, "content_type": 7, "object_id": "10", "object_repr": "\u0421\u043c\u0430\u0440\u0442\u0444\u043e\u043d Apple iPhone XS 128 \u0413\u0431, \u0437\u043e\u043b\u043e\u0442\u043e\u0439", "action_flag": 2, "change_message": "[{\"changed\": {\"fields\": [\"description_product\", \"price_product\"]}}]"}}, {"model": "admin.logentry", "pk": 89, "fields": {"action_time": "2019-08-17T16:10:38.751Z", "user": 1, "content_type": 7, "object_id": "9", "object_repr": "\u0421\u043c\u0430\u0440\u0442\u0444\u043e\u043d Apple iPhone XS 64 \u0413\u0431, \u0447\u0435\u0440\u043d\u044b\u0439", "action_flag": 2, "change_message": "[{\"changed\": {\"fields\": [\"description_product\"]}}]"}}, {"model": "admin.logentry", "pk": 90, "fields": {"action_time": "2019-08-17T16:13:26.373Z", "user": 1, "content_type": 7, "object_id": "27", "object_repr": "\u0421\u043c\u0430\u0440\u0442\u0444\u043e\u043d Apple iPhone XS 64 \u0413\u0431, \u0431\u0435\u043b\u044b\u0439", "action_flag": 1, "change_message": "[{\"added\": {}}]"}}, {"model": "admin.logentry", "pk": 91, "fields": {"action_time": "2019-08-17T16:13:56.559Z", "user": 1, "content_type": 7, "object_id": "28", "object_repr": "\u0421\u043c\u0430\u0440\u0442\u0444\u043e\u043d Apple iPhone XS 64 \u0413\u0431, \u0441\u0435\u0440\u044b\u0439", "action_flag": 1, "change_message": "[{\"added\": {}}]"}}, {"model": "admin.logentry", "pk": 92, "fields": {"action_time": "2019-08-18T08:23:02.163Z", "user": 1, "content_type": 10, "object_id": "5", "object_repr": "\u0423\u0441\u043b\u043e\u0432\u0438\u044f \u0432\u043e\u0437\u0432\u0440\u0430\u0442\u0430", "action_flag": 2, "change_message": "[{\"changed\": {\"fields\": [\"content_page\"]}}]"}}, {"model": "admin.logentry", "pk": 93, "fields": {"action_time": "2019-08-18T08:25:10.589Z", "user": 1, "content_type": 10, "object_id": "5", "object_repr": "\u0423\u0441\u043b\u043e\u0432\u0438\u044f \u0432\u043e\u0437\u0432\u0440\u0430\u0442\u0430", "action_flag": 2, "change_message": "[{\"changed\": {\"fields\": [\"content_page\"]}}]"}}, {"model": "admin.logentry", "pk": 94, "fields": {"action_time": "2019-08-18T08:28:46.163Z", "user": 1, "content_type": 10, "object_id": "3", "object_repr": "\u041e\u043f\u043b\u0430\u0442\u0430", "action_flag": 2, "change_message": "[{\"changed\": {\"fields\": [\"content_page\"]}}]"}}, {"model": "admin.logentry", "pk": 95, "fields": {"action_time": "2019-08-18T08:31:16.714Z", "user": 1, "content_type": 10, "object_id": "2", "object_repr": "\u0414\u043e\u0441\u0442\u0430\u0432\u043a\u0430", "action_flag": 2, "change_message": "[{\"changed\": {\"fields\": [\"content_page\"]}}]"}}, {"model": "admin.logentry", "pk": 96, "fields": {"action_time": "2019-08-18T08:31:55.118Z", "user": 1, "content_type": 10, "object_id": "2", "object_repr": "\u0414\u043e\u0441\u0442\u0430\u0432\u043a\u0430", "action_flag": 2, "change_message": "[{\"changed\": {\"fields\": [\"content_page\"]}}]"}}, {"model": "admin.logentry", "pk": 97, "fields": {"action_time": "2019-08-18T08:35:03.313Z", "user": 1, "content_type": 10, "object_id": "4", "object_repr": "\u0413\u0430\u0440\u0430\u043d\u0442\u0438\u044f", "action_flag": 2, "change_message": "[{\"changed\": {\"fields\": [\"content_page\"]}}]"}}, {"model": "admin.logentry", "pk": 98, "fields": {"action_time": "2019-08-18T08:38:51.514Z", "user": 1, "content_type": 10, "object_id": "5", "object_repr": "\u0423\u0441\u043b\u043e\u0432\u0438\u044f \u0432\u043e\u0437\u0432\u0440\u0430\u0442\u0430", "action_flag": 2, "change_message": "[{\"changed\": {\"fields\": [\"content_page\"]}}]"}}, {"model": "admin.logentry", "pk": 99, "fields": {"action_time": "2019-08-18T08:43:44.653Z", "user": 1, "content_type": 10, "object_id": "5", "object_repr": "\u0423\u0441\u043b\u043e\u0432\u0438\u044f \u0432\u043e\u0437\u0432\u0440\u0430\u0442\u0430", "action_flag": 2, "change_message": "[{\"changed\": {\"fields\": [\"content_page\"]}}]"}}, {"model": "admin.logentry", "pk": 100, "fields": {"action_time": "2019-08-18T08:44:05.994Z", "user": 1, "content_type": 10, "object_id": "4", "object_repr": "\u0413\u0430\u0440\u0430\u043d\u0442\u0438\u044f", "action_flag": 2, "change_message": "[{\"changed\": {\"fields\": [\"content_page\"]}}]"}}, {"model": "admin.logentry", "pk": 101, "fields": {"action_time": "2019-08-18T08:44:20.199Z", "user": 1, "content_type": 10, "object_id": "3", "object_repr": "\u041e\u043f\u043b\u0430\u0442\u0430", "action_flag": 2, "change_message": "[{\"changed\": {\"fields\": [\"content_page\"]}}]"}}, {"model": "admin.logentry", "pk": 102, "fields": {"action_time": "2019-08-18T08:44:30.896Z", "user": 1, "content_type": 10, "object_id": "2", "object_repr": "\u0414\u043e\u0441\u0442\u0430\u0432\u043a\u0430", "action_flag": 2, "change_message": "[{\"changed\": {\"fields\": [\"content_page\"]}}]"}}, {"model": "admin.logentry", "pk": 103, "fields": {"action_time": "2019-08-26T05:48:45.994Z", "user": 1, "content_type": 16, "object_id": "14", "object_repr": "ShopUserProfile object (14)", "action_flag": 3, "change_message": ""}}, {"model": "admin.logentry", "pk": 104, "fields": {"action_time": "2019-08-26T05:49:13.523Z", "user": 1, "content_type": 8, "object_id": "14", "object_repr": "toptimum", "action_flag": 3, "change_message": ""}}, {"model": "admin.logentry", "pk": 105, "fields": {"action_time": "2019-08-26T05:49:32.465Z", "user": 1, "content_type": 8, "object_id": "5", "object_repr": "Toptimum", "action_flag": 3, "change_message": ""}}, {"model": "admin.logentry", "pk": 106, "fields": {"action_time": "2019-08-26T06:00:26.589Z", "user": 1, "content_type": 8, "object_id": "17", "object_repr": "toptimum", "action_flag": 3, "change_message": ""}}]